"","Sig1","Sig2","Sig3","Sig4","Sig5","Sig6","Sig7","Sig8","Sig9"
"A[T>C]A",0.00210569554849458,0.00655818133172092,1.40567348082779e-11,0.00834068641369595,0.00590160317686079,0.0357138016393354,4.18702419524655e-12,0.00582914692394501,0.0105028315447957
"C[T>C]A",0.00114647638840724,0.00627134134230263,1.47918735840503e-18,5.80929199691471e-21,0.00135396435310768,0.0296589783694165,2.04274538682474e-21,0.00298310228405542,0.0074404945815344
"G[T>C]A",1.32116318592656e-21,0.0076798796114995,0.0103773541977522,0.00642291335163572,0.0234311927419801,0.0820579753113689,0.00899944657203391,2.06793918760978e-21,0.00519611198204269
"T[T>C]A",0.000902756470039575,0.0106252636722007,0.00157823426104477,0.00831567839734195,0.00351211759937272,0.0120438517462052,0.000533825939313998,0.00682608511898489,0.00663177697900386
"A[C>T]A",0.00755128046112931,0.0527680993315924,8.55936166774795e-16,1.7547001044509e-21,0.00150934200517368,0.00477993037905929,2.04274538682474e-21,0.0134396662619943,0.0275687195089739
"C[C>T]A",0.00378682459332308,0.0187372105375587,0.000368444126963235,0.000386178795696051,0.00306873343222581,9.79983543898858e-14,2.04274538682474e-21,0.0282085686028483,0.0475345290184569
"G[C>T]A",0.0066025031333723,0.104872289826688,0.0285866967655675,0.00156102687508655,0.00428936205947525,3.20258706839974e-15,8.31569027800574e-07,6.74244749972018e-14,0.0373087134415891
"T[C>T]A",0.00167030420186908,0.0117670117982937,7.7062887331877e-08,0.00362827678773825,0.00696609205938585,3.01344427958308e-20,0.00155278381333631,0.0326057789136384,0.0761438770398196
"A[T>A]A",0.000175147356309735,1.73926039121332e-21,0.000805311447586819,0.000795599473005866,1.32642872490113e-14,0.00135794329799003,2.04274538682474e-21,2.06793918760978e-21,0.0186157425846904
"C[T>A]A",0.000138197340477416,1.73926039121332e-21,1.50949787177827e-21,1.7547001044509e-21,1.92970138597292e-21,0.000825737996954948,0.000263933284367947,0.00239175008844377,0.0113438713890169
"G[T>A]A",1.6009629919246e-13,0.000594447279418247,9.8442945749386e-18,1.7547001044509e-21,0.000411340138239372,0.00142138112716272,4.76516776929301e-05,0.00243334414821198,0.00822561479853336
"T[T>A]A",0.000110841504137854,1.73926039121332e-21,0.00145873038516833,0.00058957642296112,1.92970138597292e-21,0.00368738324199956,0.00030363791934886,0.00548511928311192,0.0122860689612525
"A[T>G]A",0.000212963604967132,1.73926039121332e-21,1.50949787177827e-21,0.00418417734534848,1.92970138597292e-21,0.00126265394454996,2.04274538682474e-21,0.00325280136972618,0.000403535115884052
"C[T>G]A",0.000162794856262662,1.73926039121332e-21,0.000164723620824152,0.00599805598444173,1.92970138597292e-21,0.00172535222232696,2.26400321840161e-06,0.00275562711221898,0.000425199110884611
"G[T>G]A",8.82365023455829e-05,1.73926039121332e-21,1.50949787177827e-21,0.000700541443638911,0.00318215477580122,0.000439767148117449,0.000226243877663952,0.00373302944617837,0.000668331317995017
"T[T>G]A",2.42076113306874e-05,1.73926039121332e-21,1.50949787177827e-21,0.0145748935107336,0.00200322158138714,1.81866085689602e-21,2.04274538682474e-21,0.00626861839067403,1.204844277862e-06
"A[C>A]A",0.00194339234872998,0.000728055653673358,4.66767534372396e-07,0.000467692919561178,1.92970138597292e-21,0.000237779669904018,0.00182448429045255,0.0278965458983773,0.00448031363055496
"C[C>A]A",0.000756343114265443,0.0288193383395172,2.43253895644125e-12,0.00212948571461844,0.000537879306001816,0.00545413720107057,0.00518904588918415,0.0321118248234655,0.00227335864987687
"G[C>A]A",0.000124591101069877,0.00506159468461152,0.00299627155497928,7.59218210775451e-05,0.00182426015650373,0.00194293197411475,0.00177842938732623,0.0515905642078493,0.00399660137976734
"T[C>A]A",0.00100639328710211,8.9268985518941e-21,0.000599038388241974,0.0653375892442231,7.17910394251079e-15,0.0004163477594391,0.0213766943004502,0.035932534195299,0.00463582697549555
"A[C>G]A",1.32116318592656e-21,0.00287071783067972,1.89823267642849e-07,0.000860124307600444,0.000528549606293924,1.81866085689602e-21,0.000189923825959458,0.010315248242186,0.00159445728180828
"C[C>G]A",1.32116318592656e-21,1.73926039121332e-21,1.50949787177827e-21,1.7547001044509e-21,0.000115819027724375,0.000358435345931985,2.04274538682474e-21,0.0102829953221993,0.00198831037760755
"G[C>G]A",0.00131831487804488,1.17745045415734e-14,1.50949787177827e-21,0.000839776002561922,3.08053461825584e-15,1.81866085689602e-21,0.000129986574736636,0.00468814952766096,0.00272794613487971
"T[C>G]A",7.78718607421544e-05,1.73926039121332e-21,1.50949787177827e-21,1.7547001044509e-21,0.00034205254632085,1.81866085689602e-21,2.04274538682474e-21,0.022010518971649,0.00336731197985479
"A[T>C]C",0.00140865558414825,0.00335789685273932,0.00620153298612657,0.00617403977909288,0.00367521232223849,0.0302390216770144,0.00752092889892782,0.00695228108978667,0.000463054681558989
"C[T>C]C",0.0032746726083133,0.00563449777573085,0.005271112412161,0.00217754334047296,1.92970138597292e-21,0.0284114120160741,0.00482427137946599,0.00905327328212395,0.00144954112979664
"G[T>C]C",7.3254164763058e-08,1.73926039121332e-21,0.0184514834392752,4.42612210988523e-05,0.0352753727024338,0.0445653718507919,0.0336804894265133,0.00129024901841317,2.45377976415855e-21
"T[T>C]C",0.000741642602552046,0.0077715099870552,0.00637500196733734,0.0182012261677863,0.00373936188980003,0.0177498724017282,0.00595649209951775,0.00442751460526142,0.00547386825058655
"A[C>T]C",0.00718040371640133,0.0187820495396223,0.0106345041581646,1.7547001044509e-21,0.00470375129214445,0.00886369750273392,0.0104950211239935,0.00768482517521228,0.0524168756413128
"C[C>T]C",0.00334754621065382,0.0271459561855307,0.00332779112868174,0.00248245443361043,0.00398210062419272,1.43678954790853e-06,1.71893398841429e-08,0.0196953837900985,0.0576760228448033
"G[C>T]C",1.32116318592656e-21,0.0872001465478428,0.138973420259907,0.000682024030902005,0.0382811215805995,0.028694805058603,0.0356365220451689,2.06793918760978e-21,0.0333150472008734
"T[C>T]C",0.000489833648727456,0.0154467886934016,0.00291280492428137,0.0137444850050851,0.0332460448107706,0.00206555191676488,0.017775564374476,0.0168736438485951,0.0949554949268398
"A[T>A]C",1.32116318592656e-21,0.000325484210213825,0.00952121836086021,1.7547001044509e-21,1.01172410527305e-10,0.00198261531526549,2.04274538682474e-21,0.00330281138464292,0.0200342806785234
"C[T>A]C",0.000457815394893157,0.00350246370243331,0.000329054430497727,0.000459200515984474,1.92970138597292e-21,0.00565101450657499,0.000975495715525125,0.00682500598436449,0.0127061743814184
"G[T>A]C",1.32116318592656e-21,8.76784212630456e-10,0.00809407643513892,1.7547001044509e-21,7.90521340221348e-13,0.00440600129131278,2.04274538682474e-21,0.00272361813506699,0.00972347032604175
"T[T>A]C",6.47640683165093e-14,1.47885824959792e-13,0.000167752703821631,0.000614938169087486,0.000467244967384767,0.00105710569325284,0.000801474412419202,0.00582017523868449,0.0139108584522051
"A[T>G]C",0.000292522558964855,1.73926039121332e-21,0.000251976505612914,0.0085878427116704,1.92970138597292e-21,0.00572322112281531,0.00155433934038848,0.000832883552367116,0.00132057024836594
"C[T>G]C",0.00121512958782252,0.00378764160984938,1.50949787177827e-21,0.00248968055345834,0.00126450211954489,0.0125763940870167,0.000466104180312146,0.00417096437026952,9.41421906234188e-05
"G[T>G]C",1.32116318592656e-21,1.73926039121332e-21,0.00176767036334382,0.00210333733216752,0.00278898837197596,0.00397688091028923,0.00369792503744513,0.00202555360404893,2.45377976415855e-21
"T[T>G]C",6.73785095013652e-10,0.000509970724475018,0.000700894224346126,0.0168478970828042,0.00653200738983764,0.00124465230061444,2.89991362479607e-15,0.00529660217128229,2.45377976415855e-21
"A[C>A]C",1.32116318592656e-21,0.0033449634461308,0.00104370007117145,0.00156259539138289,0.00160373344873126,1.81866085689602e-21,0.00198709066328061,0.0320240664591039,0.00341541111759327
"C[C>A]C",2.38225136789999e-19,0.0641744553475458,0.00461419903521906,1.64941522661705e-17,0.000564437095605889,0.000874929939616156,0.00264154209710004,0.0135178452095729,2.45377976415855e-21
"G[C>A]C",1.32116318592656e-21,0.00127019467211291,0.0164868756485536,0.00443162083774639,0.00159287671128951,0.00548412561825464,0.000731151611058864,0.0253758930932092,0.00152833476170968
"T[C>A]C",0.000906493730098934,0.00924501978103766,0.000615423886775704,0.00980543654665567,6.55381634278079e-17,0.000706436437159606,0.0113752989772871,0.0335988450549842,0.00647371389361541
"A[C>G]C",0.000946279787858686,6.02716963977771e-07,0.000515573175975139,0.000675254417291044,0.000371589689207987,0.00189075373006848,2.04274538682474e-21,0.0105642476979472,0.00194336898371831
"C[C>G]C",2.60286950670174e-05,1.73926039121332e-21,0.000361711679461247,1.7547001044509e-21,0.000348223372049207,0.000140274840869662,2.04274538682474e-21,0.00890469733054102,0.000491863765369132
"G[C>G]C",2.14003769665844e-05,0.00551392370098426,0.000615457614464964,1.7547001044509e-21,0.000340871006743905,0.00136597442529992,0.00179188376623127,0.00844208396235633,0.0102853262011505
"T[C>G]C",0.000501127951915512,1.73926039121332e-21,1.30865297286119e-08,1.01525115829963e-05,0.00028770789082951,0.000511172009821489,2.04274538682474e-21,0.0161388532788902,0.00461116115241414
"A[T>C]G",0.00231665375574845,0.0229177007244201,0.00233829281346834,0.0029352977553637,3.63196196480144e-06,0.0624211941808799,0.00158916592431523,0.00468579090928855,2.45377976415855e-21
"C[T>C]G",0.00589936039564766,0.030004187581117,1.66754316981073e-13,1.7547001044509e-21,1.92970138597292e-21,0.0910075985738323,0.00162704494882768,2.06793918760978e-21,0.00186666418926191
"G[T>C]G",1.32116318592656e-21,0.00872681897846309,0.00701060668050994,1.7547001044509e-21,0.0112747078158124,0.0763094578424248,0.00510038193752944,2.06793918760978e-21,2.45377976415855e-21
"T[T>C]G",0.000963027871548101,0.0191958135089542,4.16942053212084e-16,0.00851279488345438,0.00204562817941418,0.0177025558905037,0.00251026831169324,0.00118845530587781,0.00207462485506177
"A[C>T]G",0.294978824641782,3.19135325240296e-05,0.0807801036569119,0.00242575041661794,0.0273217938853775,0.0423824410125068,0.00784178131615355,0.0278495165112399,0.0330905400703046
"C[C>T]G",0.271314405367416,0.0514478884441881,0.0439367708930684,1.08571822976829e-06,0.0222176367132948,0.01736217331721,0.000140210108221068,0.00432546095370779,0.0659691736867694
"G[C>T]G",0.243111531812723,0.0028906112005917,0.452243149342788,0.0147439830317739,0.110272670692751,2.88572588853431e-05,0.00955071576531443,0.00348707529897093,2.30479803239803e-11
"T[C>T]G",0.108673687673741,0.00786818069272698,0.00127966628456426,0.103512967274666,0.443965910778862,0.0140402518635978,0.124130631893498,0.000685110062318046,0.00805375320683419
"A[T>A]G",0.000507962959948267,1.73926039121332e-21,0.000216738733979545,0.000180036329110737,1.92970138597292e-21,0.00104371258280872,2.04274538682474e-21,0.00387643021219625,0.00957232335696318
"C[T>A]G",0.000130379314985132,0.000364370689676776,9.70744242282598e-21,9.77776597145965e-08,1.92970138597292e-21,0.00420044763627119,0.00137980981920536,0.0119822251534533,0.0155549348787807
"G[T>A]G",0.000279523083126431,0.000968580405651331,0.00140101284971546,1.7547001044509e-21,1.46401354108022e-15,0.00305562903859537,2.04274538682474e-21,0.00450632953623439,0.00681385777908268
"T[T>A]G",1.32116318592656e-21,1.73926039121332e-21,1.50949787177827e-21,2.71321197302462e-10,1.92970138597292e-21,0.00115183089212701,0.000831528304986094,0.00441704639692953,0.00817348896644908
"A[T>G]G",0.000431900932842691,1.73926039121332e-21,0.000401611715216757,0.00243736715026071,1.92970138597292e-21,0.00178500092821986,0.00204878661362375,0.00408041152002583,0.000519638970549984
"C[T>G]G",0.00215774717245889,0.00497248569773187,0.00096513175039989,0.00674784932364566,6.5514204540337e-05,0.0153816188402456,8.89368174445895e-14,0.0052922729130779,2.45377976415855e-21
"G[T>G]G",1.32116318592656e-21,1.73926039121332e-21,0.00195800478570258,0.000296847453752981,0.00157877863877558,0.00352390104495782,0.0027426475570413,0.0076853669765316,2.45377976415855e-21
"T[T>G]G",0.000167095867266604,0.000250677082763675,0.000516933041633958,0.00494328731192904,0.000562973486700289,0.00223054252234269,2.04274538682474e-21,0.005482713621182,0.00205356676356614
"A[C>A]G",8.98651562289676e-12,0.000765501290758248,1.50949787177827e-21,6.24556064368706e-19,1.92970138597292e-21,1.81866085689602e-21,0.000610661816843815,0.0081509832449435,0.0016338021544328
"C[C>A]G",0.00314996055542233,0.0168460399864016,0.00696101956983968,1.7547001044509e-21,1.92970138597292e-21,0.0047057594108947,0.00144126742094058,0.00342183185311511,0.00275704027674797
"G[C>A]G",0.000366113398502114,0.00309551621695825,0.00417643099537099,1.7547001044509e-21,1.92970138597292e-21,0.000790177787698573,2.04274538682474e-21,0.0124976721479252,0.000307253560955683
"T[C>A]G",0.000364030138400039,0.0029292920097835,1.50949787177827e-21,0.00445097685377109,1.92970138597292e-21,1.81244275888596e-15,0.00172989727902022,0.0125024087672624,0.00169410594014291
"A[C>G]G",1.32116318592656e-21,0.000840252743696331,1.50949787177827e-21,1.7547001044509e-21,1.92970138597292e-21,1.81866085689602e-21,2.04274538682474e-21,0.00357919846855154,0.000267620436509304
"C[C>G]G",0.000370052603907245,5.41029243828156e-20,0.0002577131640347,1.7547001044509e-21,1.92970138597292e-21,1.81866085689602e-21,2.04274538682474e-21,0.00480965274104284,0.00119346501561755
"G[C>G]G",0.000398413257782454,0.000301229144255137,0.0003890845027508,1.7547001044509e-21,1.92970138597292e-21,0.000513278815497621,2.04274538682474e-21,0.00122194448900839,0.00222474198461587
"T[C>G]G",1.32116318592656e-21,1.73926039121332e-21,0.000167175643447917,7.14273791086475e-05,7.43485425615726e-05,1.81866085689602e-21,4.71725623459069e-05,0.00468431353021563,0.0012792534807689
"A[T>C]T",0.00230282062952657,0.000565312645397331,1.50949787177827e-21,0.0105861109382611,1.92970138597292e-21,0.015716188368709,3.91856041765765e-05,0.0161361131961458,0.00629612674975134
"C[T>C]T",0.00213098616022703,0.00523051232304576,3.16862401620177e-07,0.00358326603283924,1.92970138597292e-21,0.0331369773107379,2.04274538682474e-21,0.0114341082607955,0.00531368328664974
"G[T>C]T",0.000391359840600729,0.00345005223631904,0.00277532957943416,0.0174979164086265,0.0180692849376308,0.0409437958178105,0.0125384443275043,0.00578512452710607,0.00651120114750945
"T[T>C]T",0.00216479360358662,0.00608383334225233,5.26415891770871e-10,0.0211794214984367,1.92970138597292e-21,0.0103051922685311,0.00113663637305443,0.00566610458812632,0.00825093550658427
"A[C>T]T",0.00225524022873989,0.0264391950407296,0.000133711779760022,0.00423024257377117,0.00184283477836484,0.0039332541146892,0.00901652817011353,0.0196101600667251,0.0140398008723221
"C[C>T]T",0.00204660517541506,0.0223543538306547,0.00485166938743876,0.00548191726101304,0.00120176052945156,0.00131701074962723,0.00366603173268798,0.0332522800444832,0.032420041968944
"G[C>T]T",0.00114663790558459,0.0580630504908809,0.0708450308761825,0.00207880686579818,0.0419323995867837,0.0272760910505957,0.0453545180890774,0.00787198865299725,0.0047837335618758
"T[C>T]T",4.69228179176148e-08,0.00455927729763565,0.000550390698296892,0.0231897743497513,0.0562623813682392,1.81866085689602e-21,0.0390571869709481,0.0140489779345705,0.0679375735685222
"A[T>A]T",4.86793372355786e-13,0.00899540335017659,0.000157055437917104,0.00160318046164926,1.92970138597292e-21,0.00495522394547224,0.00525022884345768,0.00662275005918293,0.0107945025461797
"C[T>A]T",1.32116318592656e-21,0.000760347130164735,0.000897840301050397,0.000393514238470173,1.92970138597292e-21,0.00367586461818826,0.00243049143016554,0.014275088700605,0.00942400706947013
"G[T>A]T",1.32116318592656e-21,0.0035978084390571,0.000115011102957846,1.92633358071042e-05,1.92970138597292e-21,0.00112228064353408,0.00158302292971696,0.00586533221099513,0.00602138097361708
"T[T>A]T",1.25210627254567e-18,3.86197701976797e-05,1.50949787177827e-21,0.00322453529691656,0.000656243751061335,0.000611988606421673,0.00367340011261071,0.0120669538356003,0.0117982011078513
"A[T>G]T",1.32116318592656e-21,6.29450525571224e-07,0.000141731322086229,0.0320509474565338,1.92970138597292e-21,0.0043109384278936,0.0143359326598967,0.00328189175993111,0.00104181891152057
"C[T>G]T",1.32116318592656e-21,0.00140358317280482,0.00342193014837438,0.032386352834987,0.000876763747080895,0.0271425025531519,0.0100598961781211,0.022895610568092,2.45377976415855e-21
"G[T>G]T",1.32116318592656e-21,1.73926039121332e-21,0.00355779995397417,0.00615497256398301,1.99918365398108e-12,0.0138574600835085,0.00886546891558406,0.00628042443552705,2.45377976415855e-21
"T[T>G]T",1.32116318592656e-21,1.73926039121332e-21,1.50949787177827e-21,0.187214488606688,0.00507891370214511,1.81866085689602e-21,4.03501226390028e-18,2.06793918760978e-21,2.45377976415855e-21
"A[C>A]T",3.75063818514479e-09,0.00635413596925756,7.31150668182882e-09,0.00409264463303567,1.92970138597292e-21,0.00151211716270149,0.0232601514052144,0.0155599723690808,0.00188250365933608
"C[C>A]T",1.32116318592656e-21,0.149636428388559,4.86492309942797e-10,1.7547001044509e-21,1.92970138597292e-21,0.0371498553827148,0.0585852838510342,2.06793918760978e-21,2.45377976415855e-21
"G[C>A]T",0.000190341862465022,0.0105236246789528,0.022606004544966,1.7547001044509e-21,2.28971971698243e-10,0.0155926596349063,0.0375596231476086,0.0260694718178617,2.45377976415855e-21
"T[C>A]T",1.32116318592656e-21,1.73926039121332e-21,1.50949787177827e-21,0.277209655913347,0.0561107933541493,1.81866085689602e-21,0.375139501425852,2.06793918760978e-21,2.45377976415855e-21
"A[C>G]T",0.00031890050069825,0.00100775991568447,0.000777936341160106,1.7547001044509e-21,0.00011420645153985,0.00411122024374678,2.04274538682474e-21,0.0146724821345206,0.00516962094387719
"C[C>G]T",0.000354377040207238,1.73926039121332e-21,1.50949787177827e-21,8.6674589985008e-05,0.000163548159096382,0.00125156086340002,2.04274538682474e-21,0.0127332082146556,0.00189473206293479
"G[C>G]T",0.000341725173858519,0.001712336418465,1.50949787177827e-21,0.000174360350588022,0.000264392215877508,0.000874278897619277,0.000795700986772636,0.0103636668639518,0.00414201799649609
"T[C>G]T",6.07278479341668e-05,0.000439678568207119,1.50949787177827e-21,1.7547001044509e-21,5.03343315691289e-08,1.81866085689602e-21,2.04274538682474e-21,0.0385137426763397,0.00952893901297953
