"","Sig1","Sig2","Sig3"
"A[T>C]A",0.0053143961592327,0.0103531112300919,0.00523837304753799
"C[T>C]A",0.0014093442081614,0.00315127545040668,0.00372737049940021
"G[T>C]A",0.0125037987184778,0.00630345429112271,0.0101238172904564
"T[T>C]A",0.00237277508260562,2.97631956965278e-21,0.0119563584359672
"A[C>T]A",0.0123260287760021,0.00928540824490141,0.0227371731153406
"C[C>T]A",0.00633410151440875,0.0228655683227059,0.0110016877260144
"G[C>T]A",0.0298611082212533,0.00605400194960999,0.0276930980610819
"T[C>T]A",0.00845333101788117,0.0186998948918903,0.0644254013025576
"A[T>A]A",0.000368829427857979,0.00238926983235782,0.000663073441995737
"C[T>A]A",9.34001878933835e-05,2.97631956965278e-21,0.00575707936392987
"G[T>A]A",0.000138935583260635,0.00190598116374059,0.00368856976624367
"T[T>A]A",9.27887155248024e-05,0.00150592873245923,0.00551141074719851
"A[T>G]A",0.000183349689525179,0.00111737284637673,0.00292332982361223
"C[T>G]A",0.000325908404031664,0.00177381565762526,3.26748235909837e-21
"G[T>G]A",0.000671229393095382,0.000950669094147164,0.000875758977935198
"T[T>G]A",0.000562501274342842,0.0024245269580967,0.000420479724168165
"A[C>A]A",0.000138806439243281,0.00346513000364803,0.0163854905486837
"C[C>A]A",0.00348608521072181,0.00828704381860072,0.0120107730029087
"G[C>A]A",0.00144076064194749,0.00716123155325964,0.0153012216529994
"T[C>A]A",0.00167514269922403,0.0107812357298924,0.0196833523831187
"A[C>G]A",0.000328132595422704,2.97631956965278e-21,0.0143322623021931
"C[C>G]A",4.62458790778263e-05,0.00753661472451251,0.0122482372338994
"G[C>G]A",0.000139604818222302,2.97631956965278e-21,0.0100920341100981
"T[C>G]A",4.61754122386508e-05,0.00292954266293441,0.0349584616553784
"A[T>C]C",0.00606961553896476,2.97631956965278e-21,0.0124342154502232
"C[T>C]C",0.00393988848367553,0.00388385307817883,0.0090499786270497
"G[T>C]C",0.0149567922941173,0.00564994527299261,0.00323067639444089
"T[T>C]C",0.00344495357747497,0.00507124168652926,0.0119382765967409
"A[C>T]C",0.0187753336858085,0.0168592766623017,0.0306607845339778
"C[C>T]C",0.0165793716918907,0.00860781906739825,0.0331005446438572
"G[C>T]C",0.0550389892299335,0.0195158280043224,0.00076953631895973
"T[C>T]C",0.0278558444854652,0.0155595153587577,0.0474575711119788
"A[T>A]C",0.00102371140320452,0.00475424734751392,0.00649276174246249
"C[T>A]C",0.00139458385964027,0.00256257771479331,0.00947389251188865
"G[T>A]C",0.00172689375319668,3.62707281118288e-09,0.0112323694847605
"T[T>A]C",0.000776078555833256,0.0044955446681813,0.00246900192223268
"A[T>G]C",0.00337114464722318,0.00214723971164133,1.19866159452542e-06
"C[T>G]C",0.00284210453662779,0.00125332898421666,0.00375005829118656
"G[T>G]C",0.00286064211386801,0.00139171951565015,0.00229148897060102
"T[T>G]C",0.00471061598416017,2.97631956965278e-21,0.00204294819106899
"A[C>A]C",0.00373753472698871,0.01506922035807,0.0182901281258588
"C[C>A]C",0.00848906307885047,0.00270554914497447,0.00854295928449495
"G[C>A]C",0.0111038272735809,0.0016508531861047,0.0137924872991329
"T[C>A]C",0.0129054014284361,0.0110907717565709,0.0165324909068171
"A[C>G]C",0.000139622748635023,0.00514525726468833,0.00124909309091528
"C[C>G]C",4.73298106241779e-05,0.00140151480650851,0.0100932694884368
"G[C>G]C",1.15538695864684e-21,0.00363740106766121,0.0117280750582449
"T[C>G]C",4.60257616960795e-05,2.97631956965278e-21,0.0304555071406268
"A[T>C]G",0.00616904143163223,0.00613865656213879,0.0173595277296272
"C[T>C]G",0.0060012277224366,0.00692170218002017,0.00786838185128809
"G[T>C]G",0.0128636355281246,0.004760957357587,0.0118650226932233
"T[T>C]G",0.00382386021864383,0.00658633690968927,0.00223103377745159
"A[C>T]G",0.0568551503399991,0.171412094750076,3.0820946552159e-13
"C[C>T]G",0.0500099429038547,0.135102693350332,0.0173889168742771
"G[C>T]G",0.12949459979886,0.157553564252914,0.000439064180070598
"T[C>T]G",0.0593839317746782,0.0833921343795054,0.0350183285150381
"A[T>A]G",9.36233462662946e-05,0.00339307977345473,0.0107393263373188
"C[T>A]G",9.24322672001987e-05,0.00373778144026266,0.0129323046386392
"G[T>A]G",1.15538695864684e-21,0.00246315461175017,0.00596517255937806
"T[T>A]G",0.000232323028380358,0.00157390948089714,0.0028861885621979
"A[T>G]G",0.00115360244794678,0.00288101988569793,0.000783235982627332
"C[T>G]G",0.00247810988730376,2.97631956965278e-21,0.0137143932101571
"G[T>G]G",0.00198433373043484,0.000891710951707097,0.00124807153239495
"T[T>G]G",0.00105541140140085,0.00388172286208283,0.00410667099394915
"A[C>A]G",0.000184975502466862,0.00381806732702465,0.0025691487185057
"C[C>A]G",0.00138575660702313,0.00390165835079322,0.00241177204923811
"G[C>A]G",0.00134891689631388,0.00837697421306823,0.00359494982710419
"T[C>A]G",0.000414077683793871,0.00962949126750632,3.26748235909837e-21
"A[C>G]G",4.86178390093849e-05,0.00127546377354994,0.000186074650518927
"C[C>G]G",1.15538695864684e-21,0.00110981100796382,0.00734890539408716
"G[C>G]G",1.15538695864684e-21,0.00230912289380349,2.83809247177374e-14
"T[C>G]G",1.15538695864684e-21,0.00191389976458421,0.00518095152075855
"A[T>C]T",0.00504882201797479,0.00714690110068488,0.0216100979344161
"C[T>C]T",0.0030021489062192,0.0102902479718829,1.1471865052167e-05
"G[T>C]T",0.01073378590362,0.00333348652452271,0.00654812006105058
"T[T>C]T",0.00592045200179666,0.00747797226633622,0.00129268191818941
"A[C>T]T",0.0201205742473001,0.00319517725231599,0.0166182714953928
"C[C>T]T",0.0212953749365368,0.00949393184580043,0.0225879804999969
"G[C>T]T",0.0555044354639617,0.0100806317138756,3.26748235909837e-21
"T[C>T]T",0.0315062363263437,0.0145577682932217,0.034576829034908
"A[T>A]T",0.00177309002826546,0.00570118548376855,0.00314181740787998
"C[T>A]T",0.000788859535511771,0.00768620871826734,3.26748235909837e-21
"G[T>A]T",0.00083284270954657,0.00307081792710086,1.17866610286739e-14
"T[T>A]T",0.000764716593316024,0.00128263197731393,0.00738758467749996
"A[T>G]T",0.00863386797654013,2.97631956965278e-21,0.00393119110444436
"C[T>G]T",0.0103649627415863,0.00482698267008085,0.00549083165416505
"G[T>G]T",0.00601799482497794,0.00158562133927968,3.26748235909837e-21
"T[T>G]T",0.0152912029390863,0.00407287237386066,4.48825328045068e-18
"A[C>A]T",0.0137205030043533,0.00181188317260353,0.0130890012169997
"C[C>A]T",0.0545984255551163,2.97631956965278e-21,4.14643626010405e-13
"G[C>A]T",0.0577603245881196,2.97631956965278e-21,3.26748235909837e-21
"T[C>A]T",0.0503579619420969,0.0115851287492177,2.31653400489678e-05
"A[C>G]T",0.00018733596785166,0.0023159647807842,0.00665723084222441
"C[C>G]T",9.31813472378371e-05,0.00459924193475802,0.0145054656307793
"G[C>G]T",0.00027616795868007,0.00146655111540707,0.00940636070659933
"T[C>G]T",0.00018501338864256,2.97631956965278e-21,0.0584503289514687
