"","Sig1","Sig2","Sig3","Sig4","Sig5","Sig6"
"A[T>C]A",4.50988181940917e-05,0.00731377240862096,1.29868390631514e-21,0.00612454625944535,0.0125703026912792,0.00694777879433104
"C[T>C]A",9.62649428123802e-22,0.0016119119825418,2.26390507708044e-05,1.97037989174435e-21,0.00967135108863696,0.000312953582084355
"G[T>C]A",9.62649428123802e-22,0.0183073235709478,1.29868390631514e-21,0.00920653227385359,0.00262925178727884,0.00838262859138806
"T[T>C]A",0.000165837634004275,0.00419575270390676,1.29868390631514e-21,1.97037989174435e-21,0.00933180355383301,0.00274401107366844
"A[C>T]A",0.00126499717819953,0.0151876802073937,0.00674673602224567,0.00998305258545394,0.0203558901982755,0.00165079468520929
"C[C>T]A",0.0105949150063038,0.00856363872422664,0.0166894774556023,0.004757443199673,0.0298342877520524,0.000335329222995788
"G[C>T]A",0.00503661107848089,0.0301599058969406,0.00525129248218625,0.035977624223211,0.0127157117187647,0.00310904296473614
"T[C>T]A",0.200214290680625,0.00908019548121338,0.302028926808768,0.00370803375286862,1.12249253567168e-15,0.00133780283627373
"A[T>A]A",9.62649428123802e-22,2.12694380102807e-05,0.000885190821895312,0.00191585403269627,0.00383625786950482,0.00092291495923845
"C[T>A]A",9.62649428123802e-22,1.29460352456472e-21,2.20339324741679e-15,1.97037989174435e-21,0.00651174315970561,0.000636343265678018
"G[T>A]A",5.99776844041825e-05,0.000452607917899928,1.29868390631514e-21,1.97037989174435e-21,0.00657911443710913,2.21694407811357e-21
"T[T>A]A",0.000130186028379049,7.73147671750617e-06,1.90423579588713e-05,0.00629737982860157,0.00341176690488372,0.00221037975245693
"A[T>G]A",9.62649428123802e-22,1.29460352456472e-21,0.000187875084389681,1.97037989174435e-21,0.00555072058684735,0.00346204016662472
"C[T>G]A",9.62649428123802e-22,1.29460352456472e-21,1.59935022200046e-05,1.97037989174435e-21,0.00489323474248245,0.0023171645088215
"G[T>G]A",3.69924823276657e-05,1.29460352456472e-21,1.29868390631514e-21,1.97037989174435e-21,0.00327700024385145,0.00390270293070506
"T[T>G]A",6.73871480957135e-05,1.29460352456472e-21,1.29868390631514e-21,0.000438878877106563,0.00458019947421537,0.00775653938922103
"A[C>A]A",0.000665237529163655,2.24669366619205e-05,0.000352081973420878,0.00148163502989875,0.0255458726539909,0.00140035852732931
"C[C>A]A",0.0011579586161357,0.00356888876500747,0.00127425190766137,0.00895617952777051,0.021367943359756,0.000693536552224457
"G[C>A]A",0.000403783353495819,0.00120596879708573,0.00115181820276422,0.000999897122097431,0.0311180121489765,0.00193437683340811
"T[C>A]A",0.0176596091685843,1.29460352456472e-21,0.0266404103324368,0.00123131837808685,0.0197084869616601,0.02517140879809
"A[C>G]A",0.00298010677101573,0.00106242285265611,0.00101420435392068,1.97037989174435e-21,0.0102817381417064,0.000354256376962304
"C[C>G]A",0.00456518324590461,5.21163017280678e-05,0.00102480953356285,1.97037989174435e-21,0.0124157446787185,2.21694407811357e-21
"G[C>G]A",0.00172881820847253,0.00113921262224262,1.29868390631514e-21,0.00034940125482488,0.00992781835780201,2.21694407811357e-21
"T[C>G]A",0.219933774143026,0.000166586194169371,0.0213694171039415,1.97037989174435e-21,2.13243052600094e-21,2.21694407811357e-21
"A[T>C]C",9.62649428123802e-22,0.00481006575086107,0.00118858581234329,0.00526683026089553,0.00882197987930146,0.00595203577328541
"C[T>C]C",0.000324562259171443,0.00526643095082738,1.29868390631514e-21,0.00411851123853429,0.0121089892418799,0.00488371696061087
"G[T>C]C",2.41967912405014e-10,0.0169582588850694,0.000369029814148942,5.20068132999687e-13,0.00460413844299792,0.025417186128655
"T[T>C]C",0.000393394922450247,0.00434085206951675,0.000471748202890563,0.00586939853926866,0.0117038948771148,0.0122623073004522
"A[C>T]C",0.000886816063743272,0.0185717449302844,0.00303978263972186,0.00691328355617894,0.0147061209230173,0.00234776943834154
"C[C>T]C",0.000931535688838798,0.0221850593735514,0.00860887375176851,1.04700692075163e-13,0.0304169475516428,0.00172021930395
"G[C>T]C",0.0023811232821479,0.0600939406860296,0.00270900834494485,0.0238284216277689,0.00342969590565224,0.0136099082263429
"T[C>T]C",0.0499636146988246,0.0306835864264983,0.103245808539669,1.97037989174435e-21,0.0122029072728991,0.0175368243991416
"A[T>A]C",0.000214278096425776,0.00046631017049153,0.000126820324540092,0.00666065652528895,0.00854571348785174,2.21694407811357e-21
"C[T>A]C",0.000274823972800007,0.00129533845384107,1.29868390631514e-21,0.00211758932866648,0.0125001621438868,2.21694407811357e-21
"G[T>A]C",8.53680076911549e-05,0.000894618172445688,1.29868390631514e-21,0.00292865208269204,0.00687864432496355,0.00103334592153291
"T[T>A]C",0.000642712401521293,0.000514551278988389,1.29868390631514e-21,0.00153093943841894,0.00775187130256759,0.00153580223036075
"A[T>G]C",9.62649428123802e-22,1.83473234527778e-05,8.87025810730668e-05,0.000380654257957967,0.00142161531687948,0.0100221116490659
"C[T>G]C",0.000160083828092475,0.000956243800059536,1.29868390631514e-21,0.000320942512691448,0.00561765217328741,0.0035693204317262
"G[T>G]C",0.00013094623269734,0.000513609891050199,1.29868390631514e-21,0.00156144682446315,0.00183712043383959,0.00790106595510289
"T[T>G]C",0.000200328679708306,0.00240321487725058,1.29868390631514e-21,1.97037989174435e-21,0.00370739050877657,0.00937074750391134
"A[C>A]C",0.00014513605077703,0.00114851696632219,0.00117657911667847,1.97037989174435e-21,0.0275636004392062,0.00396252740006343
"C[C>A]C",0.000570466730912548,0.00412355636786102,1.27425086962969e-20,0.0130102209235384,0.0167340904464736,0.00258706512499853
"G[C>A]C",3.89676458674203e-05,0.00437859704400161,0.00200016715014895,1.97037989174435e-21,0.0218881818118332,0.00469757403937038
"T[C>A]C",0.0107925751487304,0.0057029181261897,0.0153617707238923,3.78626946854171e-21,0.0246704021364407,0.00543402215886212
"A[C>G]C",0.00103715038732765,0.000344373081901702,1.29868390631514e-21,0.00235723747205535,0.0109831632108344,0.00068517617095751
"C[C>G]C",0.0010008621671409,2.24432985629077e-05,0.0012483409603305,0.000897677145709056,0.0116959825236028,0.000322194379579044
"G[C>G]C",0.000868279665532983,0.000563141609916554,1.29868390631514e-21,0.00109153086159278,0.0117706194897989,0.000624257633073235
"T[C>G]C",0.0592562720237531,1.29460352456472e-21,0.0138063551646514,0.000751676128082947,0.00579180905882636,0.000852579204339714
"A[T>C]G",9.62649428123802e-22,0.00672068733395592,0.000323902812078472,0.0117542433441099,0.00990500268244045,0.00340335125951554
"C[T>C]G",0.00026167395052867,0.00882414776887321,0.00036112558786228,0.00907465391554311,0.014756513709079,0.00120928934883813
"G[T>C]G",9.62649428123802e-22,0.0235306692935448,0.000183447424120218,0.00215904100824047,0.00804580979999805,0.00683816613747789
"T[T>C]G",9.62649428123802e-22,0.00503528749333215,1.29868390631514e-21,0.00998331002801951,0.00979171922990799,0.00420220155416707
"A[C>T]G",6.06182253181455e-14,0.0749909742354038,0.00795308024999726,0.233894488585128,0.0255875407753997,0.0253813934262462
"C[C>T]G",0.00195761834853441,0.105969119216999,0.0271515777062257,0.193407529475816,0.0306934430643782,0.00670694255296866
"G[C>T]G",0.00343460138612706,0.195572814965143,0.00337268563264047,0.218482601577979,2.13243052600094e-21,0.0449994140495808
"T[C>T]G",0.0452240436515423,0.0736257455406056,0.13137208843033,0.0858949207561714,2.78031888136739e-08,0.130670552531328
"A[T>A]G",9.62649428123802e-22,0.00023655222700529,0.0013858683307522,0.000249479129879545,0.00824471378696226,2.21694407811357e-21
"C[T>A]G",0.000166323985924022,1.29460352456472e-21,0.0010611441054784,0.00049997043637676,0.0134899954003676,0.000223899106285883
"G[T>A]G",3.41924045849125e-05,0.000169137406174275,0.000674119353898011,1.97037989174435e-21,0.00869730903873624,2.21694407811357e-21
"T[T>A]G",9.62649428123802e-22,1.29460352456472e-21,0.000594228848019862,1.97037989174435e-21,0.00630568187721807,0.00127024470477405
"A[T>G]G",9.62649428123802e-22,8.82435100698098e-05,0.000508288955705637,0.000603530891958919,0.00413208961167036,0.00297874655450824
"C[T>G]G",0.000142456074837077,0.000881875960362458,7.77622681475435e-05,0.00384357477322153,0.00591996955352577,0.00559426782583811
"G[T>G]G",9.62649428123802e-22,0.000326734154110375,0.000756853000130825,0.00100001725320899,0.00459770706344318,0.00793730011536673
"T[T>G]G",6.68260068280249e-05,0.000378246123712357,9.65019201796451e-05,0.000609104800564477,0.00721263479216286,0.0038219864650633
"A[C>A]G",0.000287245137369614,1.29460352456472e-21,0.000796614583048244,0.00071848889658846,0.00787029484205908,0.000415138301912215
"C[C>A]G",0.000319526951169271,0.0022435631100037,0.0014733488963188,0.00256757777282804,0.0120824358098262,0.000339991292868673
"G[C>A]G",0.000214148484362764,0.00100549824570881,0.00162174287588672,0.0021354856493968,0.0062416261023094,0.00106235741252974
"T[C>A]G",0.00506461898364348,1.29460352456472e-21,0.00594475897001235,0.00149034734748305,0.00898241309072122,0.00411453734610829
"A[C>G]G",0.000324982265859257,5.40823264985599e-05,0.00093816804630803,1.97037989174435e-21,0.00793936753255266,2.21694407811357e-21
"C[C>G]G",0.000930560185621344,4.9874099518409e-05,0.000666410201190012,1.97037989174435e-21,0.00898447012379439,2.21694407811357e-21
"G[C>G]G",0.000507773764438191,1.29460352456472e-21,0.000263884507580685,0.000624021201833832,0.00248330104888432,2.21694407811357e-21
"T[C>G]G",0.0294040067261453,1.29460352456472e-21,1.29868390631514e-21,1.97037989174435e-21,0.00363277921039161,0.000205586742917691
"A[T>C]T",9.62649428123802e-22,0.00285225814611654,0.001101263763285,0.00306132651430464,0.0177499995636929,0.00503913366396115
"C[T>C]T",0.00038085020416282,0.00390662416845063,0.00131384042091081,0.00224960779593963,0.00983516939993867,0.00163358650849239
"G[T>C]T",0.000235213134587142,0.00957882432131291,1.50448143433374e-18,0.00517731976094858,0.0069416762335761,0.0170064135525699
"T[T>C]T",0.000231689799656775,0.00465720357436251,0.000325210995998623,1.97037989174435e-21,0.0130747951243828,0.0106392716255001
"A[C>T]T",0.00122604867621567,0.0135101428320906,0.00269149293014754,0.00420144011585269,0.0136113640498843,0.00573812380927281
"C[C>T]T",0.00418147230114867,0.0200476496532513,0.0101122073173182,7.64694421094227e-21,0.0357193442809174,0.00243737325764216
"G[C>T]T",0.00200871823431533,0.0436377040376875,0.00257899874336899,0.0216630539541056,0.0075910677151727,0.0178105804250553
"T[C>T]T",0.079038403390216,0.0250461410555981,0.187981005218568,1.97037989174435e-21,0.0132574788127903,0.0163060510370281
"A[T>A]T",0.000164451935912106,0.00122911150482477,1.29868390631514e-21,0.00386489339730001,0.00750193797902703,0.0019628305880311
"C[T>A]T",0.000443565645628388,0.000209846217764955,5.1571366987484e-17,0.000989584763570826,0.0133540834371448,0.00108434942570552
"G[T>A]T",0.000241738182765948,0.000342668269817591,0.000207406952522675,0.00154895508185664,0.00430479863404347,0.00240301572641593
"T[T>A]T",0.000469577878832898,0.000660768825515541,1.29868390631514e-21,0.000603218292398636,0.00821876140482238,0.00257941875869557
"A[T>G]T",1.42647664256177e-16,1.29460352456472e-21,1.9464986629521e-15,1.97037989174435e-21,0.000686903453741873,0.0351992392466788
"C[T>G]T",9.62649428123802e-22,0.00402352928423208,0.000413679994920769,0.00352893851781689,0.00571892983883649,0.0242604945525082
"G[T>G]T",0.000317330987106949,9.74559317423711e-05,1.29868390631514e-21,0.0025384438255935,0.00593970604375014,0.0175892595724384
"T[T>G]T",9.62649428123802e-22,3.42040792349527e-15,1.29868390631514e-21,6.53743234975234e-14,2.13243052600094e-21,0.111510119197833
"A[C>A]T",0.000139069928239062,0.00575538782902946,5.13612511966978e-05,1.97037989174435e-21,0.0145656465121416,0.00754623732254707
"C[C>A]T",0.000268788866787042,0.0381951202307618,1.29868390631514e-21,1.97037989174435e-21,0.00521836338937023,0.0104595913193291
"G[C>A]T",0.000559476871596377,0.0198879273624052,0.000595838107294646,4.56897279171914e-06,0.00969083586034997,0.00899444214884062
"T[C>A]T",0.00830972588155295,0.017548665084592,0.0124849212826603,1.97037989174435e-21,2.13243052600094e-21,0.234804868135074
"A[C>G]T",0.00194360664661927,0.000499622490614934,0.000675094109251002,0.000399524948813502,0.0127815945957912,2.21694407811357e-21
"C[C>G]T",0.00478709692521051,1.29460352456472e-21,0.000480701515974064,1.97037989174435e-21,0.0152004573881923,0.000427087809326806
"G[C>G]T",0.00292117861409311,0.000234924355860099,1.29868390631514e-21,0.000143292144276782,0.0116335485992746,0.00128302444358807
"T[C>G]T",0.206781334616841,1.29460352456472e-21,0.0532936345701199,4.49286628904327e-17,0.00833974631923476,2.21694407811357e-21
