"","Sig1","Sig2","Sig3","Sig4","Sig5","Sig6","Sig7"
"A[T>C]A",2.12645935945772e-16,2.33315523804736e-19,0.0495911035984413,2.53689795821572e-19,5.89185200740248e-13,0.0591494815581134,1.04608647500043e-14
"C[T>C]A",0.00142306291660125,2.33315523804736e-19,2.32738762358873e-19,0.00693541354773718,0.0113283646369171,2.60155032041509e-19,0.0115800695261912
"G[T>C]A",0.00311470125560999,2.33315523804736e-19,2.32738762358873e-19,0.013687633583374,2.59862372125904e-19,1.784705472814e-13,0.0169305899790263
"T[T>C]A",2.26935290407023e-19,4.3880524161731e-12,1.63889192756289e-12,2.53689795821572e-19,2.02500401532153e-13,0.0182268080966069,1.39552321753195e-14
"A[C>T]A",2.26935290407023e-19,0.076820689863369,0.0420405239780381,1.20336725354486e-13,2.59862372125904e-19,6.95837209522441e-15,2.80638574574765e-19
"C[C>T]A",3.05891216121807e-13,2.33315523804736e-19,1.59002926454755e-14,2.53689795821572e-19,0.165307431473486,1.56839593095195e-13,2.80638574574765e-19
"G[C>T]A",2.26935290407023e-19,2.90795103894463e-13,0.0859501368458457,2.53689795821572e-19,2.59862372125904e-19,0.0695238193516583,8.85151369988638e-14
"T[C>T]A",0.324633658895783,2.52439591516482e-13,2.32738762358873e-19,3.83966603053332e-14,2.01230783382364e-15,2.60155032041509e-19,2.55648933180437e-15
"A[T>A]A",2.26935290407023e-19,3.35340012777894e-13,0.0142629302903226,1.70989226849989e-14,0.0152640889136039,3.02935020271197e-14,2.53672039279937e-14
"C[T>A]A",1.03599630961856e-13,7.42870640486904e-14,4.10787403932792e-14,0.00221991283267607,1.39756456337361e-13,0.00815403619699013,2.80638574574765e-19
"G[T>A]A",7.9126919235468e-15,1.22310468060295e-13,0.0173967704035345,2.78316279399609e-13,5.00608954450444e-14,4.02110339050189e-14,2.73551163803219e-14
"T[T>A]A",1.35494839327661e-15,1.37711531306464e-13,0.0133821310794692,2.38742798986144e-14,3.39598446368222e-13,2.60155032041509e-19,2.98903043556501e-13
"A[T>G]A",1.48723983317874e-15,0.00760794451242556,9.88337227624991e-14,1.46838676744151e-13,6.4806713297053e-14,9.07480339579111e-15,1.98190785348904e-14
"C[T>G]A",0.00396473963472106,7.27897726438109e-14,1.45815215427512e-14,2.53689795821572e-19,0.0110801614325105,2.60155032041509e-19,4.14012740922857e-13
"G[T>G]A",3.67082486512563e-15,2.73655048666825e-13,8.62946675271128e-14,2.53689795821572e-19,7.84210911766195e-14,0.00911340404977535,2.24715608714375e-12
"T[T>G]A",4.18791497243632e-14,7.29222802092418e-13,0.00535285243144073,2.53689795821572e-19,1.63928167021371e-14,7.00323659467082e-15,2.30412996658763e-13
"A[C>A]A",2.26935290407023e-19,2.33315523804736e-19,1.04795705107732e-12,3.97158555961668e-13,0.0283901002806134,2.60155032041509e-19,0.0510873656543613
"C[C>A]A",2.26935290407023e-19,3.6864426798054e-13,2.32738762358873e-19,2.53689795821572e-19,0.0358564824375949,0.0572721531534454,1.13152532620127e-13
"G[C>A]A",2.26935290407023e-19,3.35814638288982e-13,2.32738762358873e-19,1.60855800686038e-13,2.16948956878166e-13,0.0637938283610944,6.2626787501279e-14
"T[C>A]A",0.0387820872102699,2.33315523804736e-19,9.5855755247418e-15,0.0133787036029451,2.59862372125904e-19,2.56392680980259e-13,3.15752630691316e-13
"A[C>G]A",2.51437344774165e-13,3.64000907253111e-13,1.4729249241819e-15,1.45109158104159e-14,2.3003899595665e-14,0.021264609453622,4.67168854587418e-14
"C[C>G]A",0.00203673032967809,2.33315523804736e-19,0.0261555443822906,2.53689795821572e-19,1.78624408362491e-13,2.60155032041509e-19,0.0077391270403329
"G[C>G]A",0.00191892064129415,1.26065402149567e-13,2.32738762358873e-19,2.53689795821572e-19,0.011437946602933,2.60155032041509e-19,0.0208566484937292
"T[C>G]A",0.115778437788037,2.4474970029348e-13,1.22492042569515e-13,2.36316670224155e-16,5.30189466206443e-14,4.74004768697598e-14,2.8746648769952e-14
"A[T>C]C",2.26935290407023e-19,2.64976615081976e-14,2.32738762358873e-19,0.0353065968468969,0.0384485996931659,1.202009064596e-13,2.37798754118936e-13
"C[T>C]C",5.15985465669491e-15,3.94083977272887e-13,0.0468374587784513,2.53689795821572e-19,2.59862372125904e-19,6.22105915192704e-15,1.88224124930622e-13
"G[T>C]C",2.26935290407023e-19,2.96216880087365e-13,1.48056693305025e-14,3.14058448431526e-15,9.93173308145803e-14,0.0364536162063721,3.27933873450902e-13
"T[T>C]C",1.23371672313369e-14,1.47990463915381e-13,1.96556990919051e-14,9.85521683808506e-15,0.0546104907548089,2.00260294506554e-13,8.77965801722204e-14
"A[C>T]C",6.101224889281e-14,6.35706703138991e-15,4.02498947232677e-13,1.21047549126546e-14,0.131360369653083,8.26741790506231e-15,4.26255141477349e-16
"C[C>T]C",2.8107054967487e-09,2.33315523804736e-19,2.32738762358873e-19,8.08071647240323e-17,0.0825768997188309,2.60155032041509e-19,0.0980599685594727
"G[C>T]C",0.00699919199306631,0.16969997054551,2.32738762358873e-19,2.53689795821572e-19,1.10250868779142e-12,2.60155032041509e-19,2.80638574574765e-19
"T[C>T]C",0.0806373135940587,2.33315523804736e-19,0.16053082194376,2.53689795821572e-19,2.59862372125904e-19,2.60155032041509e-19,2.80638574574765e-19
"A[T>A]C",2.26935290407023e-19,0.0166169960688402,0.0333148393185517,2.53689795821572e-19,8.04448090902298e-14,2.60155032041509e-19,8.89205159275195e-14
"C[T>A]C",7.58340440643243e-15,1.48643054272256e-13,3.28321252909659e-15,1.12591756267157e-13,1.04915415594906e-13,3.64426329345955e-13,0.0348719410593857
"G[T>A]C",5.54912621083189e-14,1.90556176591193e-13,0.0214114097273344,6.14384046895042e-14,1.51024107003704e-13,1.2208937703855e-13,5.71782832610105e-15
"T[T>A]C",3.05131178358692e-14,0.0266278057926947,4.23745754190558e-14,7.41903995666402e-15,4.50075187945303e-14,1.1776525692379e-13,1.56634725477233e-13
"A[T>G]C",5.4591645582136e-15,2.44043949636116e-13,9.73221070205353e-14,0.00408167282065472,1.82407626655957e-13,2.60155032041509e-19,3.27702638618658e-14
"C[T>G]C",9.33266016244892e-12,4.33698795753513e-13,2.32738762358873e-19,0.0312928249463508,2.59862372125904e-19,2.3895783485392e-13,3.72931411126872e-14
"G[T>G]C",2.24114072533763e-13,4.66396367508972e-14,1.71798286577378e-13,8.81412489718201e-14,2.63221819182136e-13,9.53016151387723e-14,0.0182662548403581
"T[T>G]C",4.46352942558274e-13,5.22359946088688e-14,9.55368329670459e-14,0.0149661336725454,2.59862372125904e-19,2.60155032041509e-19,3.41198660877827e-12
"A[C>A]C",2.26935290407023e-19,2.2665580150504e-13,3.32147523039513e-14,3.05319099533975e-14,3.68500256656443e-14,6.81128885385391e-14,0.0747255879848335
"C[C>A]C",0.000483490979881075,2.33315523804736e-19,0.0176651321209816,1.79728614287772e-14,2.59862372125904e-19,2.60155032041509e-19,0.0288499063019026
"G[C>A]C",7.44215108541849e-13,1.08567308298667e-15,0.044161032561845,4.18144153277017e-14,2.24142129577126e-13,4.73455307500535e-19,1.92570523524624e-13
"T[C>A]C",0.00841431901160931,0.0430944945534962,2.32738762358873e-19,0.0171438435987432,2.59862372125904e-19,1.07909723685023e-13,2.80638574574765e-19
"A[C>G]C",0.000395797668663019,2.33315523804736e-19,0.0246469526273483,0.00984158881885298,1.10597937543487e-13,2.60155032041509e-19,7.4845448723173e-14
"C[C>G]C",5.73518313423953e-15,6.4240318669455e-13,1.13591998761223e-14,2.53689795821572e-19,4.62653608768109e-15,2.60155032041509e-19,0.0797072938500907
"G[C>G]C",4.19203250262858e-13,1.99299095465773e-13,2.32738762358873e-19,0.0639462075217389,2.47607340862887e-13,2.60155032041509e-19,2.80638574574765e-19
"T[C>G]C",0.057235089856691,4.32882476585477e-14,3.19117291473171e-14,2.53689795821572e-19,2.59862372125904e-19,9.47797189125178e-14,0.0192232125427038
"A[T>C]G",1.52874507833002e-14,3.39566806042924e-13,2.32738762358873e-19,2.53689795821572e-19,0.0602738380650575,2.60155032041509e-19,0.0500876280337123
"C[T>C]G",2.26935290407023e-19,4.19886290795226e-13,1.18254143837781e-13,1.62701169431729e-13,0.0885575525748001,1.2680281496681e-13,2.80638574574765e-19
"G[T>C]G",1.24833667676164e-06,2.33315523804736e-19,0.0140510181273183,0.00705866825548724,2.59862372125904e-19,2.60155032041509e-19,0.0221038191983219
"T[T>C]G",2.26935290407023e-19,4.04549343671912e-14,0.0247849069761872,2.53689795821572e-19,2.59862372125904e-19,1.29839569179846e-13,0.0605760539955544
"A[C>T]G",0.00640824284548812,2.33315523804736e-19,0.112238298543786,0.196576921060577,2.59862372125904e-19,2.60155032041509e-19,2.80638574574765e-19
"C[C>T]G",2.26935290407023e-19,2.67135277561888e-13,2.32738762358873e-19,0.280274867011581,2.59862372125904e-19,2.60155032041509e-19,2.50169644272455e-13
"G[C>T]G",2.92925999466593e-14,1.39162712738245e-17,9.5220330918224e-14,0.108871811293415,3.90470737440855e-17,0.194388917806512,2.80638574574765e-19
"T[C>T]G",8.52552450757428e-13,2.33315523804736e-19,2.32738762358873e-19,6.67136746423553e-14,2.59862372125904e-19,0.282515525599199,2.80638574574765e-19
"A[T>A]G",2.26935290407023e-19,0.0274747004027195,0.0165029740833516,1.36146255974984e-13,2.59862372125904e-19,8.9070216817483e-14,2.80638574574765e-19
"C[T>A]G",2.26935290407023e-19,0.0326777318206217,1.29390352740767e-13,5.33694844953252e-14,0.0136212292778479,2.60155032041509e-19,1.03611587971307e-13
"G[T>A]G",0.0117386789286185,0.348264191149153,2.32738762358873e-19,2.53689795821572e-19,2.59862372125904e-19,2.60155032041509e-19,2.80638574574765e-19
"T[T>A]G",7.75518352447043e-15,9.05367095267093e-13,2.32738762358873e-19,2.53689795821572e-19,0.00836585120135466,2.60155032041509e-19,0.0154962976684869
"A[T>G]G",2.37158851396398e-15,6.10948807809324e-14,5.72703940553909e-13,4.32421758104799e-13,4.52791260234275e-14,4.06431322120384e-16,0.0149451175963387
"C[T>G]G",2.56628300095635e-14,9.96923620697265e-14,3.53166990583357e-16,7.43310428060443e-14,0.0295191841917686,2.54700569664108e-13,1.56288425903966e-13
"G[T>G]G",2.26935290407023e-19,5.30676891846972e-13,1.52610794827179e-13,3.7991728730861e-15,7.21841729394384e-14,0.0258213114793918,8.95975043451061e-16
"T[T>G]G",2.26935290407023e-19,1.00811217801345e-13,0.0173967704036841,3.64740905655133e-14,1.11566282134312e-13,9.08975978030092e-14,5.19755486721808e-14
"A[C>A]G",2.26935290407023e-19,1.79220918273466e-13,1.93358453427532e-14,0.0312928249576655,2.08890369777862e-13,1.9790626543512e-13,2.80638574574765e-19
"C[C>A]G",2.30676041951107e-15,0.0215558427846216,8.01239965974145e-14,2.07715645240007e-14,1.38156373175385e-13,2.6541133750171e-14,1.22046910998965e-13
"G[C>A]G",3.87529783060593e-15,2.17959281906464e-13,5.89838793558326e-14,0.021768921709874,3.42283195651326e-14,2.60155032041509e-19,1.01045239907607e-13
"T[C>A]G",0.00174930400804887,2.43177700755828e-13,2.32738762358873e-19,1.30112611225568e-14,2.59862372125904e-19,0.0341128008774651,2.80638574574765e-19
"A[C>G]G",3.36811791694088e-15,0.00636053037243014,0.0066693493785012,2.53689795821572e-19,2.59862372125904e-19,1.92555064685782e-14,1.14393037635151e-13
"C[C>G]G",3.08194642061213e-13,2.33315523804736e-19,0.00530274902379777,2.53689795821572e-19,0.00970252153048306,0.0113366718103649,2.80638574574765e-19
"G[C>G]G",2.26935290407023e-19,7.95798470271731e-13,0.0069867389732111,0.0119444080897321,2.59862372125904e-19,6.96669844476243e-13,2.80638574574765e-19
"T[C>G]G",0.00547905164850171,1.11324235046175e-13,2.32738762358873e-19,0.0192831741606209,3.19075589093291e-13,2.60155032041509e-19,4.75921200434262e-13
"A[T>C]T",0.00348821218066564,0.105392450781852,0.0305236083294361,2.53689795821572e-19,2.59862372125904e-19,2.60155032041509e-19,2.80638574574765e-19
"C[T>C]T",0.0031839041983137,2.33315523804736e-19,5.71943408113075e-14,2.53689795821572e-19,4.77132964934506e-14,0.0237567957053862,0.0175260059048804
"G[T>C]T",5.04820863364903e-13,2.33315523804736e-19,0.00812901765739874,2.53689795821572e-19,2.59862372125904e-19,0.0248135484102609,0.0607584629272245
"T[T>C]T",1.46304632574137e-17,5.17284021615082e-13,0.0628960160737994,2.53689795821572e-19,1.40848522308285e-13,2.60155032041509e-19,1.32188601084361e-15
"A[C>T]T",0.00530421851567449,1.53206142879813e-16,2.32738762358873e-19,0.055516237376637,0.0125795817316776,9.14078448844666e-14,2.80638574574765e-19
"C[C>T]T",1.46296214165954e-13,0.07750475939325,2.32738762358873e-19,2.53689795821572e-19,2.59862372125904e-19,1.11767817254318e-12,0.0462898895458348
"G[C>T]T",2.26935290407023e-19,2.13858939999888e-13,8.1524673916801e-14,5.45843103991565e-14,1.42444387702961e-13,2.60155032041509e-19,0.142808901481721
"T[C>T]T",0.154371250383706,2.33315523804736e-19,4.82749954478618e-13,1.77616203985074e-13,2.59862372125904e-19,2.14753000289483e-13,2.80638574574765e-19
"A[T>A]T",1.32493049807176e-14,2.51928600789099e-14,9.53914786042133e-12,2.53689795821572e-19,0.030995143391128,1.11787385780848e-13,1.85193799844845e-13
"C[T>A]T",1.40047512319891e-14,8.99506015002554e-17,0.00385736064268292,2.53689795821572e-19,0.0101457756585762,2.60155032041509e-19,0.0103677720796403
"G[T>A]T",2.26935290407023e-19,3.52243515526562e-14,2.07553094147453e-14,4.3116876322802e-14,2.74023405043265e-13,0.00622934894204403,0.0164376000581244
"T[T>A]T",5.94076464973626e-15,3.56965160111486e-13,1.70290883545354e-18,5.39665359523193e-13,0.0221393881434389,2.17801467291305e-14,2.80638574574765e-19
"A[T>G]T",3.88282000055922e-13,2.33315523804736e-19,0.0200731966174211,2.53689795821572e-19,3.01979479660031e-13,2.01296212575048e-12,3.78050892375677e-14
"C[T>G]T",2.54451910601041e-14,1.64943360334435e-13,8.10740592952631e-14,6.63690935120069e-14,5.99977090318358e-15,3.4978092996703e-14,0.0531381959004291
"G[T>G]T",5.15232100263065e-15,3.10684236012479e-13,0.0059452097350365,0.00483998237755755,8.6421436976168e-14,2.60155032041509e-19,2.88786356661537e-19
"T[T>G]T",2.26935290407023e-19,0.0278957965444729,1.00734528557412e-14,4.07653390894351e-13,1.39014700600898e-13,2.60155032041509e-19,9.24746339442291e-14
"A[C>A]T",8.18320887512329e-15,3.50992521044129e-13,0.040713943260439,2.53689795821572e-19,0.0126576633179693,2.60155032041509e-19,1.99138341921081e-13
"C[C>A]T",4.43548517633281e-14,3.05940695683e-14,1.60958502865678e-13,7.18803688602906e-16,0.0487066539162271,2.60155032041509e-19,5.28693715183042e-13
"G[C>A]T",1.95925514222328e-14,2.26624638311392e-14,6.01507691730052e-13,1.79006116180616e-13,0.0472306947064185,5.90482055720632e-14,1.70799660188722e-17
"T[C>A]T",0.00190001473428606,2.33315523804736e-19,0.0212292020699219,1.86147404832888e-12,0.00626253044324421,0.0276732061777546,2.80638574574765e-19
"A[C>G]T",2.26935290407023e-19,0.0124060953969582,2.32738762358873e-19,6.68419104115686e-14,0.0135814562406889,4.1697123047394e-14,0.0133080606652472
"C[C>G]T",0.00732216195846434,2.33315523804736e-19,2.32738762358873e-19,0.00215213566813704,4.86020242185722e-12,0.0264001167562347,0.0142582291002251
"G[C>G]T",1.28308173111019e-13,2.7721405144015e-14,1.85628761114976e-14,0.0476195162395759,1.84559812547012e-13,6.54548785174037e-14,5.58963217265759e-13
"T[C>G]T",0.153236167660264,8.14337577466673e-16,9.11922680741086e-14,6.45153323066312e-13,5.25660958973908e-14,2.82376614610197e-14,1.02847519697419e-13
