"","Sig1","Sig2","Sig3","Sig4","Sig5"
"A[T>C]A",0.0024224794037285,0.0285493659407154,0.00275310414452578,0.000995296543624113,0.00825720101967693
"C[T>C]A",0.00544021865895711,0.0107519806034198,0.00177132987637829,0.00126924800406342,0.00254275114195076
"G[T>C]A",0.00169395330212847,0.0190724902908379,0.000749549278909225,0.000472720644938458,0.0235935058743294
"T[T>C]A",0.000356104057046832,0.0124119315171346,0.000979166943968859,0.00107777754795556,0.00505145195034786
"A[C>T]A",0.00964327807110848,0.017991309824313,0.00521024341678609,0.00175440429222641,0.00576117555196735
"C[C>T]A",0.0169523808750076,0.0247020848577108,0.0111462837449523,0.0733464565644381,0.00019432242925929
"G[C>T]A",0.00680480336966145,0.0231984184735481,0.00556223992455965,0.000917903664570496,0.036891769854486
"T[C>T]A",0.00723176799114629,0.000892485460540561,0.203017837406883,0.0631739198981897,0.0155121999019192
"A[T>A]A",0.00337803383316549,0.00576160941156386,0.000231022241522449,0.00185853301377449,0.00727289639702189
"C[T>A]A",0.0079140089631427,0.00540095962661724,0.000881837431933123,0.000612430456236093,0.000895464789426185
"G[T>A]A",0.00781811655903811,0.00653002044413702,0.00151096734502936,0.000874318651684928,0.00141750919939768
"T[T>A]A",0.00387107491167485,0.00501579545062777,0.000700153245409156,0.000766073304092072,0.00265019234659227
"A[T>G]A",0.00011478090267186,0.00339277270044032,0.000253632159415783,0.00038970899584281,0.000578115638999629
"C[T>G]A",4.10769206062013e-05,0.00298315694358096,0.000467161418872829,0.000115571698564034,0.000206020817196173
"G[T>G]A",0.000233666949420469,0.00331251526680815,5.63262934955029e-06,0.000415521655503146,0.000611370436697082
"T[T>G]A",0.000610687201059813,0.00311638162290441,0.000342742438541319,0.000525448994863356,7.40352844454404e-21
"A[C>A]A",0.0389414283421639,0.0114411513650471,0.00152483073920171,0.00260325852434255,0.00162206588205168
"C[C>A]A",0.0834418668176422,0.00251125806094207,0.00251703768793203,0.00247158574301432,0.0099447851376073
"G[C>A]A",0.0390768927694519,0.0122508772797888,0.00291425257525137,0.00128695568958022,0.00450571027861727
"T[C>A]A",0.0354884733862539,0.0107223511042372,0.0226619011637632,0.00241496601548405,0.00270310688261324
"A[C>G]A",0.00965443841343711,0.00814970305585276,0.00288776346357618,0.000572220781573473,7.40352844454404e-21
"C[C>G]A",0.0091119783772751,0.0125000983064332,0.00413041244659592,1.66487857153644e-05,7.40352844454404e-21
"G[C>G]A",0.00777360646784213,0.00563075716717372,0.00241918451856389,5.93239138195318e-21,0.000642881349268056
"T[C>G]A",0.00595039181268743,3.0443588740031e-05,0.160263806244785,0.000362944741309167,0.00414663724600468
"A[T>C]C",0.000353314014180703,0.00936562356145712,0.00197060416654044,2.53186623564965e-05,0.0093628823427444
"C[T>C]C",0.00122465385927782,0.0133398757670983,3.53573983785627e-05,0.000142850006308285,0.00372142444741196
"G[T>C]C",7.47266726464035e-05,0.00747913029726444,0.000251582971052208,5.93239138195318e-21,0.0282317341590517
"T[T>C]C",2.43319698988644e-10,0.00941389273669243,0.00163605202560719,0.00150781129687624,0.00860723356781928
"A[C>T]C",0.005619158352088,0.0131227826362447,0.0019589736456512,0.0266174894699103,0.00947077828806451
"C[C>T]C",0.00873478987836863,0.00808338497648217,4.88408814145492e-21,0.155257781736014,0.00291109827420943
"G[C>T]C",0.00694742883472064,0.0143026336554743,0.00136521808780873,0.0228065448963019,0.0606220360681733
"T[C>T]C",4.91120979048803e-09,2.31690678491932e-12,0.0498920041048494,0.258495495373998,0.00534196260802737
"A[T>A]C",0.00336827815310388,0.0028548369476284,0.00104122515444363,0.000692719495760377,0.0157764770140199
"C[T>A]C",0.0101112760969178,0.00707913644743226,0.00171946870029966,0.000938011548275565,0.0040220809980447
"G[T>A]C",0.00313605685658453,0.00595991319446263,4.88408814145492e-21,0.00038886849496058,0.00841881626076902
"T[T>A]C",0.00329012032451168,0.00742432436288331,0.00036265553011083,0.00195212077727515,0.00493353138006421
"A[T>G]C",0.00019848296153957,0.00236365495109771,0.000446131381413549,0.000550536475504643,0.000408476208739888
"C[T>G]C",0.000198300394037762,0.00534741888579549,0.000310545206040014,0.000564906098134928,0.00143092037052968
"G[T>G]C",0.000398655029648569,0.00138235556796286,0.000302115088918514,5.93239138195318e-21,0.0051858140176526
"T[T>G]C",0.000383984281302938,0.0042509195072752,0.000919529286702998,0.00105579257167717,0.000737877085176613
"A[C>A]C",0.0340467860982863,0.00943971284973767,0.00322888572325074,0.00042160397013915,0.00484240640847534
"C[C>A]C",0.0743005130780716,0.00147089863122834,0.00122723085764112,0.000537160027586663,0.0151865029050838
"G[C>A]C",0.0435166408414164,0.0119471428361177,0.00129806242162591,0.000321966846727342,0.00558140549841463
"T[C>A]C",0.0545709285084305,0.0204579791319351,0.0144280119462643,0.00231372812756095,0.0023349539091859
"A[C>G]C",0.00622860312194245,0.00976436900280097,0.000458722651593556,0.000269628313042108,7.40352844454404e-21
"C[C>G]C",0.00754605974984667,0.013212881755482,0.00158493335183455,3.09800239129831e-05,0.000722986333856618
"G[C>G]C",0.00581596877138855,0.0128643396685825,0.00290033146097471,5.93239138195318e-21,0.0016106995181873
"T[C>G]C",0.00843360591661413,0.0148511618201238,0.0509531220857692,0.00098836977433321,0.00235395172719032
"A[T>C]G",0.00283273195204491,0.0330301531673887,0.00264707617482469,0.000433530585509139,0.00849942843458719
"C[T>C]G",0.00629523525935859,0.0304302537645528,0.00249514939999065,0.000487454566793772,0.00827024447089446
"G[T>C]G",0.000240133141766716,0.0210984205999982,0.00221538092626269,0.000204945025490056,0.0167665786365483
"T[T>C]G",0.00103241528372681,0.0142166431348386,0.00012160614050033,0.00192261481560036,0.0131861509428911
"A[C>T]G",0.000265026201147536,0.0232056278572068,0.00395239535626886,0.00205150801128328,0.0879889823204949
"C[C>T]G",0.00358033519766459,0.0345827924191454,0.00603026668284002,0.0369296960676924,0.0572311578450619
"G[C>T]G",5.91931345864564e-19,3.99683417476549e-21,1.40829316392347e-09,0.00148894637493141,0.262355436859478
"T[C>T]G",0.000921602770413007,1.03448800832534e-08,0.0568375469418843,0.0757563925835259,0.0390882723613625
"A[T>A]G",0.00662577030477421,0.0144252027131585,0.000536817953713601,0.00129265949578327,7.40352844454404e-21
"C[T>A]G",0.0281032262459774,0.0238822939501983,0.00245704651891684,0.00103123380178561,0.000725642773432331
"G[T>A]G",0.00978255748531272,0.0132803533873729,0.00155156998695005,0.000506392177171792,0.000801113117542788
"T[T>A]G",0.00602374364522093,0.00779985391351697,0.000758606669542255,0.00199615749372866,0.000966861006278501
"A[T>G]G",0.00120149645105218,0.00420863444442341,0.000508268224171319,0.00186622306446096,7.40352844454404e-21
"C[T>G]G",0.00366985088441207,0.0107799369955631,0.00101024697375742,0.00101438044535024,0.00230153238914291
"G[T>G]G",0.00113624134662166,0.0078778048885011,4.88408814145492e-21,0.00100880518187672,0.00121556554875988
"T[T>G]G",0.00238794350013841,0.00502477100364783,0.00046931840026378,0.00106584360059405,7.40352844454404e-21
"A[C>A]G",0.021268331557843,0.00997567921158472,0.00288757892789266,0.000156195384495174,0.0010310499760424
"C[C>A]G",0.040625164870188,0.0102676974068705,1.28993922971104e-08,0.00126384984753434,0.00560230949180635
"G[C>A]G",0.0249901544601767,0.017513078808444,0.00131697729309541,2.28851213140078e-05,0.00502899411110877
"T[C>A]G",0.0159629716427163,0.0109439356353475,0.00807111983476408,0.000120287712231413,0.00146083291628568
"A[C>G]G",0.00366839577567566,0.00584851716013803,0.000786967677142521,0.00064160243544904,0.000773683103159286
"C[C>G]G",0.00779763781629131,0.00835254339074424,0.000796960230556317,0.000491185969365108,7.40352844454404e-21
"G[C>G]G",0.00658700042796957,0.00537844245275427,0.00138092501603796,0.000421768104878913,7.40352844454404e-21
"T[C>G]G",0.00369896315706278,0.0048734931788088,0.0175942984078278,0.000788034705585135,7.40352844454404e-21
"A[T>C]T",0.000400545404709758,0.0211125895263759,0.000990757389869151,0.00129893408706132,0.00331364822314458
"C[T>C]T",0.00236796407363964,0.0213801329542548,1.05545949817448e-17,0.00435322504168123,0.00142745011224824
"G[T>C]T",0.000974889196872292,0.0143075819617443,0.00107503578985257,0.00576533433752032,0.00859926591997654
"T[T>C]T",0.000137909540574408,0.0121097962266254,0.000561945014739742,0.00309344229171599,0.00320708527258997
"A[C>T]T",0.00513965174632507,0.0114993015131281,0.0020055120364818,0.00668228182033551,0.00127384362864135
"C[C>T]T",0.0140643697877579,0.0153434183892021,0.00746010935806704,0.101144884376554,7.1959304336575e-10
"G[C>T]T",0.00418370212941598,0.0158294041575686,0.00197421569265841,0.0107083725825868,0.045776169085647
"T[C>T]T",0.00925052791842631,0.00543977863091134,0.0896023773250648,0.0784104406550152,0.00775212292239061
"A[T>A]T",0.00068071879624166,0.00740940296532569,4.88408814145492e-21,0.00298745483640909,0.00242356669366469
"C[T>A]T",0.0125114887866968,0.00615643573599575,0.00180711635836654,0.0016808915602867,0.00135124796575042
"G[T>A]T",0.00322447014341563,0.0069269128522315,0.000866574261561627,0.000858845950502184,7.40352844454404e-21
"T[T>A]T",0.00356464092325704,0.00702069539935112,1.96526266192339e-10,0.00485665726097444,7.40352844454404e-21
"A[T>G]T",2.34911632315643e-16,0.00358094160321035,2.72996181892798e-10,3.66429954611351e-16,2.28660352044037e-15
"C[T>G]T",0.000268398263849104,0.00792273473195515,0.000887186413342197,0.00104357702593449,0.00316473193499131
"G[T>G]T",0.000354975307403193,0.00297379618260186,0.000482567699582026,0.00106205003958559,0.00213562534625181
"T[T>G]T",3.9467970451628e-05,0.00672746017030811,0.00100839822728651,0.00224571057086728,0.00102719105714219
"A[C>A]T",0.0216379874768035,0.00682254217204738,0.00166973314591694,4.97195361314444e-05,0.00297695417478856
"C[C>A]T",0.0596529900430803,0.000238815266491641,0.00284630505006774,0.00287682117439122,0.0333349738088043
"G[C>A]T",0.0220437513965177,0.0120920574209471,0.00263060327028213,9.0134596358418e-05,0.0143577851695624
"T[C>A]T",0.0350298936554165,0.0128193501851808,0.0150024134609832,0.00190506477698274,0.00942634291692292
"A[C>G]T",0.00336200371141225,0.0114011395678937,0.00232092989743867,0.000536209293054567,7.40352844454404e-21
"C[C>G]T",0.00792868708166707,0.0134034055869364,0.00467694003181652,0.000984930225479786,7.40352844454404e-21
"G[C>G]T",0.00419047355455866,0.00864308857607835,0.00452310755945442,5.93239138195318e-21,5.73403925442868e-16
"T[C>G]T",0.00782971840817943,0.00974479083785861,0.169989177769279,0.000228827189898398,0.00834097522668768
