"","Sig1","Sig2","Sig3","Sig4"
"SBS5",0.867,0.448,0.071,0.031
"SBS10b",0.141,0.591,0,0
"SBS39",0.577,0.367,0.268,0.04
"SBS27",0.151,0.087,0.003,0.825
"SBS1",0.256,0.489,0,0
"SBS2",0.204,0.58,0.001,0
"SBS3",0.858,0.321,0.122,0.075
"SBS4",0.587,0.143,0.037,0.075
"SBS6",0.451,0.455,0,0
"SBS7a",0.309,0.589,0,0
"SBS7b",0.413,0.374,0.003,0.003
"SBS7c",0.296,0.08,0.008,0.013
"SBS7d",0.272,0.11,0.001,0.004
"SBS8",0.618,0.122,0.034,0.116
"SBS9",0.574,0.148,0.017,0.043
"SBS10a",0.198,0.05,0,0
"SBS11",0.442,0.267,0.001,0.001
"SBS12",0.52,0.098,0.004,0.003
"SBS13",0.124,0.484,0.001,0
"SBS14",0.37,0.085,0.001,0
"SBS15",0.406,0.356,0,0.001
"SBS16",0.393,0.163,0.016,0.011
"SBS17a",0.317,0.01,0.001,0.001
"SBS17b",0.144,0.005,0.002,0
"SBS18",0.497,0.189,0.01,0.003
"SBS19",0.461,0.247,0.006,0.001
"SBS20",0.46,0.121,0,0
"SBS21",0.298,0.064,0.001,0
"SBS22",0.292,0.036,0.003,0.445
"SBS23",0.479,0.192,0.001,0.001
"SBS24",0.487,0.187,0.026,0.008
"SBS25",0.721,0.339,0.033,0.194
"SBS26",0.536,0.1,0.002,0.006
"SBS28",0.173,0.025,0.001,0.001
"SBS29",0.468,0.191,0.028,0.009
"SBS30",0.499,0.433,0.003,0.001
"SBS31",0.555,0.188,0.008,0.082
"SBS32",0.498,0.278,0.004,0.003
"SBS33",0.277,0.092,0.001,0.002
"SBS34",0.155,0.034,0,0.052
"SBS35",0.573,0.17,0.036,0.258
"SBS36",0.407,0.138,0.005,0.004
"SBS37",0.526,0.125,0.009,0.027
"SBS38",0.299,0.073,0.003,0.002
"SBS40",0.865,0.436,0.078,0.014
"SBS41",0.449,0.256,0.007,0.021
"SBS42",0.582,0.194,0.029,0.056
"SBS43",0.209,0.016,0.05,0.061
"SBS44",0.597,0.182,0,0
"SBS45",0.352,0.078,0.002,0.002
"SBS46",0.618,0.163,0.002,0.02
"SBS47",0.28,0.155,0.009,0.073
"SBS48",0.076,0.023,0,0
"SBS49",0.162,0.027,0,0
"SBS50",0.397,0.269,0.009,0.011
"SBS51",0.39,0.135,0.005,0.028
"SBS52",0.235,0.083,0.002,0.003
"SBS53",0.29,0.1,0.017,0.013
"SBS54",0.455,0.07,0.004,0
"SBS55",0.18,0.069,0.009,0.005
"SBS56",0.276,0.061,0,0.002
"SBS57",0.409,0.177,0.011,0.026
"SBS58",0.451,0.308,0.007,0.019
"SBS59",0.17,0.028,0.004,0.001
"SBS60",0.067,0.01,0.009,0.012
"SBS84",0.479,0.147,0.013,0.001
"SBS85",0.368,0.123,0.002,0.053
"SBS86",0.333,0.371,0.25,0.01
"SBS87",0.385,0.449,0.014,0.035
"SBS88",0.337,0.104,0.005,0
"SBS89",0.704,0.307,0.078,0.248
"SBS90",0.146,0.014,0,0.234
