cancer type,CCND1,CCND2,CCND3,CCNE1,CDK4,CDK6,E2F1,E2F3,YAP1,MYC,MYCN,ARRDC1,KDM5A,NFE2L2,AKT1,AKT2,PIK3CA,PIK3CB,PIK3R2,RHEB,RICTOR,RPTOR,EGFR,ERBB2,ERBB3,PDGFRA,MET,FGFR1,FGFR2,FGFR3,FGFR4,KIT,IGF1R,KRAS,HRAS,BRAF,RAF1,RAC1,MAPK1,JAK2,MDM2,MDM4,CDKN1A,CDKN1B,CDKN2A,CDKN2B,CDKN2C,RB1,SAV1,LATS1,LATS2,PTPN14,NF2,FAT1,MGA,CNTN6,CREBBP,EP300,HES2,HES3,HES4,HES5,HEY1,KAT2B,NOTCH1,NOTCH2,NOTCH3,NOTCH4,NOV,PSEN2,FBXW7,NCOR1,NCOR2,KEAP1,CUL3,INPP4B,PIK3R1,PTEN,STK11,TSC1,TSC2,TGFBR1,TGFBR2,ACVR2A,SMAD2,SMAD3,SMAD4,NF1,RASA1,CBL,ERRFI1,TP53,ATM,SFRP1,ZNRF3,AMER1,APC,AXIN1,DKK1,DKK4,RNF43,TCF7L2,ABL1,ACVR1B,AKT3,ALK,ARAF,AXIN2,CDK2,CHEK2,CRB1,CRB2,CSNK1D,CSNK1E,CTNNB1,CUL1,DCHS1,DCHS2,DKK2,DKK3,DNER,ERBB4,ERF,FAT2,FAT3,FAT4,FLT3,GRB2,GSK3B,HDAC1,HES1,HEY2,HEYL,JAG2,MAML3,MAP2K1,MAP2K2,MAX,MLST8,MLX,MNT,MOB1A,MOB1B,MTOR,MXI1,NPRL2,NPRL3,NRAS,NTRK1,NTRK3,PIK3R3,PLXNB1,PPP2R1A,PTPN11,RET,RIT1,ROS1,RPS6KA3,RPS6KB1,SFRP2,SFRP4,SFRP5,SOS1,SOST,SPEN,SPRED1,STK3,STK4,TAOK1,TAOK2,TAOK3,TCF7,TCF7L1,TEAD2,THBS2,TLE1,TLE2,TLE3,TLE4,WIF1,WWC1,CRB3,LRP5,NTRK2,PDGFRB,TEAD3,WWTR1
ACC,0.0,0.0,0.0,0.0,0.0,0.0,0.0,0.0,0.0,0.0,0.0,0.0,0.0,0.0,0.0,0.0,0.010869565217391304,0.0,0.010869565217391304,0.0,0.0,0.010869565217391304,0.021739130434782608,0.0,0.010869565217391304,0.010869565217391304,0.0,0.0,0.010869565217391304,0.0,0.0,0.0,0.0,0.0,0.0,0.010869565217391304,0.0,0.0,0.010869565217391304,0.010869565217391304,0.021739130434782608,0.0,0.0,0.0,0.0,0.0,0.0,0.021739130434782608,0.0,0.0,0.0,0.0,0.0,0.043478260869565216,0.010869565217391304,0.0,0.010869565217391304,0.0,0.0,0.0,0.0,0.0,0.0,0.0,0.0,0.0,0.03260869565217391,0.021739130434782608,0.0,0.0,0.0,0.0,0.010869565217391304,0.021739130434782608,0.010869565217391304,0.0,0.0,0.0,0.021739130434782608,0.0,0.0,0.0,0.021739130434782608,0.0,0.0,0.0,0.0,0.03260869565217391,0.0,0.010869565217391304,0.010869565217391304,0.09782608695652173,0.021739130434782608,0.0,0.021739130434782608,0.0,0.03260869565217391,0.0,0.0,0.0,0.010869565217391304,0.010869565217391304,0.0,0.0,0.0,0.010869565217391304,0.0,0.0,0.0,0.021739130434782608,0.010869565217391304,0.010869565217391304,0.0,0.0,0.09782608695652173,0.0,0.010869565217391304,0.010869565217391304,0.0,0.0,0.0,0.03260869565217391,0.010869565217391304,0.010869565217391304,0.043478260869565216,0.043478260869565216,0.010869565217391304,0.0,0.0,0.010869565217391304,0.0,0.010869565217391304,0.0,0.010869565217391304,0.010869565217391304,0.0,0.0,0.0,0.0,0.0,0.0,0.0,0.0,0.0,0.0,0.0,0.0,0.010869565217391304,0.010869565217391304,0.021739130434782608,0.010869565217391304,0.0,0.0,0.010869565217391304,0.021739130434782608,0.0,0.021739130434782608,0.0,0.0,0.0,0.0,0.0,0.0,0.0,0.010869565217391304,0.010869565217391304,0.0,0.010869565217391304,0.021739130434782608,0.010869565217391304,0.010869565217391304,0.0,0.0,0.0,0.021739130434782608,0.0,0.0,0.0,0.021739130434782608,0.0,0.0,0.0,0.0,0.010869565217391304,0.010869565217391304,0.0,0.0
BLCA,0.0121654501216545,0.0,0.0121654501216545,0.0072992700729927005,0.004866180048661801,0.009732360097323601,0.004866180048661801,0.0024330900243309003,0.009732360097323601,0.004866180048661801,0.009732360097323601,0.004866180048661801,0.03649635036496351,0.058394160583941604,0.009732360097323601,0.0072992700729927005,0.18491484184914841,0.014598540145985401,0.009732360097323601,0.004866180048661801,0.0364963503649635,0.026763990267639905,0.014598540145985403,0.1046228710462287,0.097323600973236,0.0364963503649635,0.0364963503649635,0.014598540145985401,0.0170316301703163,0.13381995133819952,0.0072992700729927005,0.021897810218978103,0.0194647201946472,0.0389294403892944,0.04136253041362531,0.024330900243309004,0.0072992700729927005,0.009732360097323601,0.0024330900243309003,0.0170316301703163,0.004866180048661801,0.0024330900243309003,0.021897810218978103,0.009732360097323601,0.0437956204379562,0.004866180048661801,0.0024330900243309003,0.12652068126520682,0.0,0.031630170316301706,0.0072992700729927005,0.0170316301703163,0.014598540145985401,0.072992700729927,0.05352798053527981,0.021897810218978103,0.0997566909975669,0.12652068126520682,0.0,0.0,0.004866180048661801,0.0,0.0024330900243309003,0.004866180048661801,0.021897810218978103,0.024330900243309,0.026763990267639905,0.029197080291970802,0.0024330900243309003,0.004866180048661801,0.0754257907542579,0.06326034063260341,0.0340632603406326,0.0170316301703163,0.014598540145985403,0.0170316301703163,0.012165450121654502,0.026763990267639905,0.0,0.06569343065693431,0.014598540145985401,0.0170316301703163,0.009732360097323601,0.0024330900243309003,0.009732360097323601,0.0170316301703163,0.0170316301703163,0.05596107055961071,0.0170316301703163,0.014598540145985401,0.0,0.4136253041362531,0.1192214111922141,0.0024330900243309003,0.0121654501216545,0.024330900243309,0.046228710462287104,0.009732360097323601,0.004866180048661801,0.0024330900243309003,0.009732360097323601,0.0024330900243309003,0.014598540145985401,0.004866180048661801,0.012165450121654502,0.029197080291970802,0.0024330900243309003,0.024330900243309,0.0024330900243309003,0.0170316301703163,0.0364963503649635,0.009732360097323601,0.0024330900243309003,0.004866180048661801,0.029197080291970802,0.043795620437956206,0.029197080291970802,0.0705596107055961,0.009732360097323601,0.0121654501216545,0.004866180048661801,0.019464720194647202,0.0024330900243309003,0.0510948905109489,0.08515815085158152,0.1192214111922141,0.0170316301703163,0.0024330900243309003,0.0072992700729927005,0.009732360097323601,0.014598540145985401,0.004866180048661801,0.004866180048661801,0.0024330900243309003,0.0072992700729927005,0.004866180048661801,0.0072992700729927005,0.0,0.009732360097323601,0.004866180048661801,0.0,0.0024330900243309003,0.004866180048661801,0.021897810218978103,0.0,0.0072992700729927005,0.004866180048661801,0.0170316301703163,0.009732360097323601,0.0121654501216545,0.014598540145985401,0.021897810218978103,0.0072992700729927005,0.0072992700729927005,0.019464720194647202,0.0024330900243309003,0.043795620437956206,0.0170316301703163,0.004866180048661801,0.009732360097323601,0.0072992700729927005,0.0,0.0389294403892944,0.0,0.058394160583941604,0.009732360097323601,0.0121654501216545,0.014598540145985401,0.029197080291970802,0.0170316301703163,0.024330900243309,0.0024330900243309003,0.0,0.009732360097323601,0.024330900243309,0.014598540145985401,0.004866180048661801,0.009732360097323601,0.009732360097323601,0.009732360097323601,0.0170316301703163,0.0,0.0170316301703163,0.014598540145985401,0.012165450121654502,0.012165450121654502,0.0121654501216545
BRCA,0.0,0.001017293997965412,0.001017293997965412,0.001017293997965412,0.001017293997965412,0.002034587995930824,0.004069175991861648,0.003051881993896236,0.001017293997965412,0.003051881993896236,0.002034587995930824,0.0,0.007121057985757883,0.003051881993896236,0.02441505595116989,0.003051881993896236,0.29196337741607326,0.009155645981688708,0.002034587995930824,0.001017293997965412,0.01017293997965412,0.01017293997965412,0.009155645981688708,0.023397761953204477,0.01627670396744659,0.00508646998982706,0.008138351983723296,0.004069175991861648,0.011190233977619531,0.0,0.002034587995930824,0.007121057985757883,0.006103763987792473,0.00508646998982706,0.004069175991861648,0.006103763987792472,0.003051881993896236,0.001017293997965412,0.001017293997965412,0.006103763987792472,0.002034587995930824,0.002034587995930824,0.001017293997965412,0.004069175991861648,0.0,0.0,0.0,0.01627670396744659,0.002034587995930824,0.006103763987792472,0.004069175991861648,0.006103763987792472,0.004069175991861648,0.021363173957273652,0.01525940996948118,0.01017293997965412,0.01525940996948118,0.012207527975584942,0.0,0.0,0.0,0.0,0.001017293997965412,0.00508646998982706,0.006103763987792472,0.01627670396744659,0.003051881993896236,0.009155645981688708,0.002034587995930824,0.004069175991861648,0.013224821973550356,0.03763987792472025,0.006103763987792472,0.0,0.00508646998982706,0.006103763987792472,0.009155645981688708,0.030518819938962362,0.001017293997965412,0.00508646998982706,0.003051881993896236,0.00508646998982706,0.004069175991861648,0.006103763987792472,0.006103763987792472,0.002034587995930824,0.006103763987792472,0.024415055951169887,0.00508646998982706,0.003051881993896236,0.001017293997965412,0.25940996948118006,0.017293997965412002,0.002034587995930824,0.003051881993896236,0.013224821973550356,0.012207527975584944,0.004069175991861648,0.0,0.003051881993896236,0.00508646998982706,0.00508646998982706,0.00508646998982706,0.007121057985757883,0.008138351983723296,0.00508646998982706,0.006103763987792472,0.004069175991861648,0.0,0.008138351983723296,0.01017293997965412,0.001017293997965412,0.0,0.004069175991861648,0.002034587995930824,0.00508646998982706,0.012207527975584944,0.021363173957273652,0.002034587995930824,0.002034587995930824,0.001017293997965412,0.011190233977619531,0.003051881993896236,0.014242115971515767,0.03153611393692777,0.014242115971515767,0.00508646998982706,0.001017293997965412,0.001017293997965412,0.00508646998982706,0.001017293997965412,0.001017293997965412,0.001017293997965412,0.001017293997965412,0.00508646998982706,0.003051881993896236,0.002034587995930824,0.002034587995930824,0.0,0.002034587995930824,0.001017293997965412,0.001017293997965412,0.002034587995930824,0.01525940996948118,0.0,0.001017293997965412,0.001017293997965412,0.002034587995930824,0.004069175991861648,0.006103763987792472,0.003051881993896236,0.00508646998982706,0.002034587995930824,0.003051881993896236,0.007121057985757883,0.001017293997965412,0.013224821973550356,0.008138351983723296,0.00508646998982706,0.0,0.001017293997965412,0.001017293997965412,0.003051881993896236,0.0,0.015259409969481181,0.006103763987792473,0.002034587995930824,0.004069175991861648,0.006103763987792472,0.00508646998982706,0.007121057985757884,0.002034587995930824,0.0,0.004069175991861648,0.003051881993896236,0.003051881993896236,0.002034587995930824,0.00508646998982706,0.002034587995930824,0.003051881993896236,0.01017293997965412,0.0,0.007121057985757883,0.006103763987792472,0.006103763987792472,0.002034587995930824,0.001017293997965412
CESC,0.006944444444444444,0.0,0.0,0.010416666666666666,0.003472222222222222,0.003472222222222222,0.0,0.010416666666666666,0.006944444444444444,0.006944444444444444,0.010416666666666666,0.006944444444444444,0.03125,0.048611111111111105,0.017361111111111112,0.013888888888888888,0.2638888888888889,0.003472222222222222,0.0,0.0,0.017361111111111112,0.027777777777777776,0.024305555555555556,0.04861111111111111,0.04861111111111111,0.013888888888888888,0.006944444444444444,0.003472222222222222,0.013888888888888888,0.0,0.010416666666666666,0.027777777777777776,0.013888888888888888,0.04513888888888889,0.003472222222222222,0.010416666666666666,0.003472222222222222,0.003472222222222222,0.034722222222222224,0.024305555555555556,0.006944444444444444,0.0,0.010416666666666666,0.003472222222222222,0.020833333333333336,0.003472222222222222,0.0,0.04861111111111111,0.003472222222222222,0.034722222222222224,0.006944444444444444,0.010416666666666666,0.027777777777777776,0.05208333333333333,0.041666666666666664,0.010416666666666666,0.07291666666666666,0.11805555555555555,0.0,0.0,0.003472222222222222,0.0,0.010416666666666666,0.006944444444444444,0.059027777777777776,0.03125,0.027777777777777776,0.024305555555555556,0.003472222222222222,0.006944444444444444,0.11805555555555555,0.027777777777777776,0.017361111111111112,0.003472222222222222,0.006944444444444444,0.017361111111111112,0.024305555555555552,0.0625,0.02777777777777778,0.017361111111111112,0.034722222222222224,0.006944444444444444,0.017361111111111112,0.010416666666666666,0.006944444444444444,0.017361111111111112,0.04166666666666667,0.03819444444444445,0.024305555555555552,0.006944444444444444,0.003472222222222222,0.06944444444444445,0.027777777777777776,0.006944444444444444,0.006944444444444444,0.03125,0.027777777777777776,0.0,0.003472222222222222,0.0,0.003472222222222222,0.013888888888888888,0.020833333333333332,0.003472222222222222,0.013888888888888888,0.020833333333333332,0.013888888888888888,0.013888888888888888,0.003472222222222222,0.013888888888888888,0.020833333333333332,0.017361111111111112,0.010416666666666666,0.0,0.013888888888888888,0.024305555555555552,0.05555555555555555,0.034722222222222224,0.003472222222222222,0.010416666666666666,0.003472222222222222,0.020833333333333332,0.013888888888888888,0.059027777777777776,0.04513888888888889,0.041666666666666664,0.020833333333333332,0.0,0.006944444444444444,0.0,0.010416666666666666,0.006944444444444444,0.003472222222222222,0.010416666666666666,0.020833333333333332,0.017361111111111112,0.0,0.003472222222222222,0.003472222222222222,0.003472222222222222,0.003472222222222222,0.003472222222222222,0.0,0.027777777777777776,0.010416666666666666,0.006944444444444444,0.006944444444444444,0.010416666666666666,0.006944444444444444,0.024305555555555556,0.017361111111111112,0.020833333333333332,0.013888888888888888,0.0,0.010416666666666666,0.013888888888888888,0.024305555555555552,0.013888888888888888,0.003472222222222222,0.0,0.010416666666666666,0.0,0.024305555555555556,0.0,0.05208333333333333,0.013888888888888888,0.010416666666666666,0.003472222222222222,0.010416666666666666,0.017361111111111112,0.006944444444444444,0.0,0.006944444444444444,0.010416666666666666,0.017361111111111112,0.003472222222222222,0.017361111111111112,0.006944444444444444,0.017361111111111112,0.006944444444444444,0.02430555555555556,0.0,0.03819444444444444,0.006944444444444444,0.013888888888888888,0.010416666666666666,0.0
CHOL,0.0,0.0,0.0,0.0,0.0,0.0,0.0,0.0,0.0,0.0,0.0,0.0,0.0,0.02040816326530612,0.0,0.0,0.061224489795918366,0.02040816326530612,0.02040816326530612,0.0,0.0,0.0,0.0,0.04081632653061224,0.0,0.0,0.0,0.0,0.061224489795918366,0.0,0.0,0.0,0.0,0.02040816326530612,0.0,0.02040816326530612,0.0,0.0,0.0,0.0,0.0,0.0,0.0,0.0,0.02040816326530612,0.0,0.0,0.0,0.0,0.0,0.0,0.0,0.02040816326530612,0.02040816326530612,0.02040816326530612,0.0,0.0,0.02040816326530612,0.0,0.0,0.0,0.0,0.0,0.0,0.0,0.0,0.0,0.02040816326530612,0.0,0.0,0.0,0.02040816326530612,0.02040816326530612,0.02040816326530612,0.0,0.0,0.02040816326530612,0.0,0.0,0.02040816326530612,0.0,0.0,0.02040816326530612,0.02040816326530612,0.0,0.0,0.0,0.02040816326530612,0.02040816326530612,0.0,0.0,0.061224489795918366,0.02040816326530612,0.0,0.02040816326530612,0.0,0.0,0.0,0.0,0.0,0.0,0.0,0.0,0.0,0.0,0.0,0.04081632653061224,0.0,0.02040816326530612,0.02040816326530612,0.0,0.0,0.0,0.0,0.0,0.0,0.02040816326530612,0.0,0.0,0.0,0.0,0.0,0.0,0.02040816326530612,0.0,0.0,0.04081632653061224,0.02040816326530612,0.0,0.0,0.0,0.0,0.0,0.0,0.0,0.0,0.0,0.0,0.0,0.0,0.0,0.0,0.0,0.0,0.0,0.0,0.0,0.02040816326530612,0.02040816326530612,0.02040816326530612,0.0,0.0,0.0,0.0,0.02040816326530612,0.02040816326530612,0.02040816326530612,0.02040816326530612,0.0,0.0,0.0,0.0,0.0,0.0,0.02040816326530612,0.04081632653061224,0.0,0.0,0.0,0.0,0.0,0.0,0.0,0.0,0.0,0.0,0.0,0.0,0.02040816326530612,0.0,0.0,0.0,0.0,0.0,0.02040816326530612,0.0,0.0
COAD,0.005012531328320802,0.002506265664160401,0.005012531328320802,0.010025062656641603,0.0,0.007518796992481203,0.0,0.007518796992481203,0.007518796992481203,0.015037593984962405,0.015037593984962405,0.012531328320802004,0.03508771929824561,0.012531328320802004,0.02506265664160401,0.007518796992481203,0.2756892230576441,0.015037593984962405,0.017543859649122806,0.005012531328320802,0.03508771929824561,0.040100250626566414,0.017543859649122806,0.03007518796992481,0.05263157894736842,0.047619047619047616,0.03258145363408521,0.02756892230576441,0.03007518796992481,0.040100250626566414,0.015037593984962405,0.047619047619047616,0.02506265664160401,0.41353383458646614,0.007518796992481203,0.13533834586466165,0.02506265664160401,0.005012531328320802,0.007518796992481203,0.02756892230576441,0.007518796992481203,0.012531328320802004,0.002506265664160401,0.005012531328320802,0.002506265664160401,0.002506265664160401,0.005012531328320802,0.022556390977443608,0.002506265664160401,0.02506265664160401,0.03007518796992481,0.047619047619047616,0.020050125313283207,0.10526315789473684,0.05263157894736842,0.06265664160401002,0.08521303258145363,0.05263157894736842,0.0,0.0,0.002506265664160401,0.005012531328320802,0.007518796992481203,0.022556390977443608,0.042606516290726815,0.040100250626566414,0.05263157894736842,0.02756892230576441,0.012531328320802004,0.020050125313283207,0.14035087719298245,0.06516290726817042,0.05012531328320802,0.015037593984962405,0.03007518796992481,0.022556390977443608,0.03759398496240601,0.040100250626566414,0.005012531328320802,0.03258145363408521,0.02756892230576441,0.03258145363408521,0.03007518796992481,0.03759398496240601,0.045112781954887216,0.045112781954887216,0.09774436090225563,0.05012531328320802,0.03007518796992481,0.017543859649122806,0.022556390977443608,0.46867167919799496,0.10526315789473684,0.007518796992481203,0.022556390977443608,0.10275689223057644,0.5413533834586466,0.017543859649122806,0.012531328320802004,0.020050125313283207,0.06015037593984962,0.06015037593984962,0.03007518796992481,0.05513784461152882,0.02506265664160401,0.05513784461152882,0.022556390977443608,0.015037593984962405,0.010025062656641603,0.015037593984962405,0.03759398496240601,0.015037593984962405,0.017543859649122806,0.017543859649122806,0.06766917293233082,0.03258145363408521,0.08020050125313283,0.13032581453634084,0.03007518796992481,0.007518796992481203,0.03508771929824561,0.07769423558897243,0.02506265664160401,0.09774436090225563,0.13533834586466165,0.22556390977443608,0.020050125313283207,0.005012531328320802,0.02506265664160401,0.005012531328320802,0.005012531328320802,0.012531328320802004,0.010025062656641603,0.02506265664160401,0.015037593984962405,0.02506265664160401,0.012531328320802004,0.015037593984962405,0.005012531328320802,0.010025062656641603,0.010025062656641603,0.0,0.002506265664160401,0.08771929824561403,0.010025062656641603,0.002506265664160401,0.015037593984962405,0.045112781954887216,0.020050125313283207,0.05012531328320802,0.012531328320802004,0.05513784461152882,0.03007518796992481,0.017543859649122806,0.06015037593984962,0.0,0.07268170426065163,0.015037593984962405,0.010025062656641603,0.007518796992481203,0.022556390977443608,0.005012531328320802,0.02756892230576441,0.005012531328320802,0.05513784461152882,0.010025062656641603,0.017543859649122806,0.02506265664160401,0.02506265664160401,0.040100250626566414,0.03007518796992481,0.007518796992481203,0.010025062656641603,0.007518796992481203,0.06516290726817042,0.02506265664160401,0.015037593984962405,0.020050125313283207,0.042606516290726815,0.015037593984962405,0.02756892230576441,0.005012531328320802,0.03759398496240601,0.040100250626566414,0.03258145363408521,0.015037593984962405,0.005012531328320802
DLBC,0.0,0.02702702702702703,0.02702702702702703,0.0,0.0,0.0,0.0,0.0,0.0,0.05405405405405406,0.0,0.0,0.0,0.0,0.0,0.02702702702702703,0.0,0.0,0.0,0.0,0.0,0.0,0.0,0.0,0.0,0.0,0.02702702702702703,0.0,0.02702702702702703,0.0,0.02702702702702703,0.0,0.0,0.05405405405405406,0.0,0.02702702702702703,0.05405405405405406,0.0,0.0,0.0,0.0,0.0,0.0,0.0,0.0,0.0,0.0,0.0,0.0,0.0,0.02702702702702703,0.02702702702702703,0.0,0.10810810810810811,0.0,0.0,0.10810810810810811,0.02702702702702703,0.0,0.0,0.0,0.0,0.0,0.0,0.0,0.02702702702702703,0.0,0.0,0.0,0.0,0.0,0.0,0.0,0.0,0.0,0.05405405405405406,0.0,0.02702702702702703,0.0,0.0,0.0,0.0,0.0,0.0,0.0,0.0,0.0,0.02702702702702703,0.0,0.0,0.0,0.13513513513513514,0.02702702702702703,0.0,0.0,0.02702702702702703,0.02702702702702703,0.0,0.0,0.0,0.0,0.0,0.0,0.0,0.0,0.0,0.0,0.0,0.0,0.02702702702702703,0.02702702702702703,0.0,0.0,0.0,0.0,0.02702702702702703,0.05405405405405406,0.05405405405405406,0.0,0.0,0.02702702702702703,0.08108108108108109,0.0,0.02702702702702703,0.0,0.1891891891891892,0.0,0.02702702702702703,0.0,0.0,0.0,0.0,0.0,0.02702702702702703,0.02702702702702703,0.0,0.0,0.0,0.0,0.0,0.0,0.0,0.0,0.0,0.0,0.0,0.0,0.0,0.0,0.02702702702702703,0.0,0.0,0.0,0.0,0.0,0.0,0.05405405405405406,0.0,0.0,0.0,0.0,0.0,0.0,0.0,0.05405405405405406,0.0,0.02702702702702703,0.0,0.02702702702702703,0.0,0.0,0.0,0.0,0.0,0.0,0.0,0.0,0.0,0.02702702702702703,0.0,0.0,0.0,0.0,0.0,0.0,0.0,0.0
ESCA,0.0,0.0,0.00546448087431694,0.00546448087431694,0.0,0.0,0.00546448087431694,0.00546448087431694,0.01639344262295082,0.0,0.0,0.0,0.00546448087431694,0.0819672131147541,0.01092896174863388,0.00546448087431694,0.07650273224043716,0.01092896174863388,0.00546448087431694,0.0,0.01639344262295082,0.01092896174863388,0.027322404371584702,0.04918032786885246,0.01092896174863388,0.01092896174863388,0.01639344262295082,0.00546448087431694,0.0,0.0,0.00546448087431694,0.01639344262295082,0.00546448087431694,0.01092896174863388,0.0,0.00546448087431694,0.0,0.00546448087431694,0.00546448087431694,0.00546448087431694,0.00546448087431694,0.0,0.0,0.0,0.03825136612021858,0.0,0.0,0.01092896174863388,0.00546448087431694,0.01092896174863388,0.02185792349726776,0.01092896174863388,0.0,0.02185792349726776,0.027322404371584702,0.01639344262295082,0.027322404371584702,0.03825136612021858,0.0,0.0,0.0,0.0,0.0,0.00546448087431694,0.060109289617486336,0.027322404371584702,0.03825136612021858,0.02185792349726776,0.0,0.0,0.03825136612021858,0.02185792349726776,0.01639344262295082,0.02185792349726776,0.01092896174863388,0.01092896174863388,0.00546448087431694,0.01639344262295082,0.00546448087431694,0.02185792349726776,0.0273224043715847,0.00546448087431694,0.03825136612021858,0.00546448087431694,0.00546448087431694,0.01639344262295082,0.060109289617486336,0.0273224043715847,0.027322404371584702,0.01092896174863388,0.0,0.6885245901639345,0.03278688524590164,0.0,0.00546448087431694,0.0,0.01639344262295082,0.00546448087431694,0.0,0.00546448087431694,0.01092896174863388,0.0,0.01092896174863388,0.01639344262295082,0.0,0.02185792349726776,0.00546448087431694,0.00546448087431694,0.00546448087431694,0.0,0.043715846994535526,0.01639344262295082,0.00546448087431694,0.01092896174863388,0.027322404371584702,0.00546448087431694,0.02185792349726776,0.04918032786885246,0.01092896174863388,0.00546448087431694,0.01639344262295082,0.0546448087431694,0.0,0.03278688524590164,0.08196721311475409,0.06557377049180328,0.0273224043715847,0.0,0.01092896174863388,0.0,0.00546448087431694,0.01092896174863388,0.01092896174863388,0.0273224043715847,0.00546448087431694,0.01092896174863388,0.0,0.00546448087431694,0.0,0.00546448087431694,0.0,0.0,0.00546448087431694,0.027322404371584702,0.00546448087431694,0.0,0.0,0.0,0.02185792349726776,0.01639344262295082,0.00546448087431694,0.01639344262295082,0.01639344262295082,0.0,0.01639344262295082,0.0,0.01639344262295082,0.0,0.0,0.00546448087431694,0.01092896174863388,0.0,0.00546448087431694,0.0,0.00546448087431694,0.0,0.0,0.00546448087431694,0.00546448087431694,0.00546448087431694,0.01092896174863388,0.0,0.01092896174863388,0.0,0.01639344262295082,0.0,0.01639344262295082,0.00546448087431694,0.01092896174863388,0.0,0.00546448087431694,0.0,0.01092896174863388,0.0,0.01092896174863388,0.0,0.0
GBM,0.0,0.002564102564102564,0.0,0.005128205128205128,0.0,0.0,0.0,0.005128205128205128,0.002564102564102564,0.0,0.007692307692307693,0.0,0.01282051282051282,0.002564102564102564,0.002564102564102564,0.0,0.07435897435897436,0.01282051282051282,0.002564102564102564,0.002564102564102564,0.007692307692307693,0.005128205128205128,0.18974358974358974,0.010256410256410256,0.007692307692307693,0.03076923076923077,0.01282051282051282,0.005128205128205128,0.005128205128205128,0.005128205128205128,0.007692307692307693,0.01282051282051282,0.01282051282051282,0.002564102564102564,0.0,0.015384615384615384,0.002564102564102564,0.0,0.007692307692307693,0.010256410256410256,0.005128205128205128,0.007692307692307693,0.002564102564102564,0.005128205128205128,0.005128205128205128,0.002564102564102564,0.005128205128205128,0.06923076923076923,0.0,0.002564102564102564,0.002564102564102564,0.005128205128205128,0.002564102564102564,0.007692307692307693,0.005128205128205128,0.017948717948717947,0.01282051282051282,0.007692307692307693,0.0,0.0,0.0,0.0,0.0,0.007692307692307693,0.0,0.020512820512820513,0.007692307692307693,0.010256410256410256,0.0,0.002564102564102564,0.007692307692307693,0.010256410256410256,0.007692307692307693,0.002564102564102564,0.002564102564102564,0.010256410256410256,0.05128205128205128,0.23076923076923078,0.0,0.007692307692307693,0.002564102564102564,0.002564102564102564,0.007692307692307693,0.007692307692307693,0.002564102564102564,0.002564102564102564,0.002564102564102564,0.07179487179487179,0.002564102564102564,0.002564102564102564,0.005128205128205128,0.26410256410256405,0.010256410256410256,0.002564102564102564,0.002564102564102564,0.005128205128205128,0.015384615384615385,0.010256410256410256,0.005128205128205128,0.0,0.005128205128205128,0.007692307692307693,0.005128205128205128,0.0,0.002564102564102564,0.005128205128205128,0.002564102564102564,0.002564102564102564,0.0,0.0,0.007692307692307693,0.002564102564102564,0.002564102564102564,0.0,0.002564102564102564,0.015384615384615385,0.01282051282051282,0.015384615384615385,0.010256410256410256,0.0,0.0,0.005128205128205128,0.002564102564102564,0.041025641025641026,0.010256410256410256,0.020512820512820513,0.017948717948717947,0.002564102564102564,0.002564102564102564,0.005128205128205128,0.005128205128205128,0.005128205128205128,0.005128205128205128,0.007692307692307693,0.002564102564102564,0.0,0.005128205128205128,0.007692307692307693,0.007692307692307693,0.0,0.002564102564102564,0.0,0.002564102564102564,0.01282051282051282,0.002564102564102564,0.005128205128205128,0.005128205128205128,0.007692307692307693,0.007692307692307693,0.010256410256410256,0.002564102564102564,0.005128205128205128,0.005128205128205128,0.017948717948717947,0.007692307692307693,0.002564102564102564,0.015384615384615385,0.007692307692307693,0.005128205128205128,0.0,0.0,0.002564102564102564,0.007692307692307693,0.002564102564102564,0.015384615384615385,0.002564102564102564,0.005128205128205128,0.002564102564102564,0.005128205128205128,0.007692307692307693,0.005128205128205128,0.002564102564102564,0.0,0.002564102564102564,0.005128205128205128,0.007692307692307693,0.007692307692307693,0.0,0.007692307692307693,0.005128205128205128,0.005128205128205128,0.0,0.007692307692307693,0.002564102564102564,0.010256410256410256,0.002564102564102564,0.002564102564102564
HNSC,0.003952569169960474,0.001976284584980237,0.0,0.003952569169960474,0.005928853754940711,0.0,0.0,0.003952569169960474,0.003952569169960474,0.009881422924901184,0.003952569169960474,0.0,0.007905138339920948,0.04940711462450593,0.003952569169960474,0.003952569169960474,0.13043478260869565,0.01185770750988142,0.007905138339920948,0.001976284584980237,0.013833992094861658,0.007905138339920948,0.019762845849802372,0.009881422924901184,0.023715415019762844,0.021739130434782608,0.007905138339920948,0.001976284584980237,0.005928853754940711,0.017786561264822132,0.005928853754940711,0.017786561264822132,0.01383399209486166,0.0,0.04150197628458498,0.015810276679841896,0.003952569169960474,0.01976284584980237,0.01383399209486166,0.009881422924901184,0.005928853754940711,0.001976284584980237,0.0,0.003952569169960474,0.14031620553359683,0.0,0.001976284584980237,0.01976284584980237,0.001976284584980237,0.01383399209486166,0.007905138339920948,0.027667984189723317,0.007905138339920948,0.1403162055335968,0.015810276679841896,0.02569169960474308,0.05138339920948616,0.06324110671936758,0.0,0.0,0.0,0.0,0.001976284584980237,0.003952569169960474,0.11660079051383399,0.02569169960474308,0.027667984189723317,0.011857707509881422,0.005928853754940711,0.001976284584980237,0.05138339920948616,0.02371541501976284,0.03359683794466403,0.029644268774703556,0.027667984189723317,0.017786561264822136,0.007905138339920948,0.01976284584980237,0.005928853754940711,0.003952569169960474,0.007905138339920948,0.003952569169960474,0.0375494071146245,0.0,0.005928853754940711,0.005928853754940711,0.021739130434782608,0.017786561264822132,0.02569169960474308,0.003952569169960474,0.001976284584980237,0.533596837944664,0.01976284584980237,0.003952569169960474,0.011857707509881422,0.017786561264822132,0.03359683794466403,0.015810276679841896,0.003952569169960474,0.0,0.005928853754940711,0.001976284584980237,0.009881422924901184,0.009881422924901184,0.011857707509881422,0.01976284584980237,0.003952569169960474,0.007905138339920948,0.0,0.003952569169960474,0.03359683794466403,0.005928853754940711,0.003952569169960474,0.009881422924901184,0.009881422924901184,0.017786561264822132,0.017786561264822132,0.043478260869565216,0.007905138339920948,0.003952569169960474,0.001976284584980237,0.03162055335968379,0.001976284584980237,0.045454545454545456,0.06521739130434781,0.06324110671936758,0.007905138339920948,0.0,0.003952569169960474,0.001976284584980237,0.0,0.003952569169960474,0.001976284584980237,0.005928853754940711,0.001976284584980237,0.007905138339920948,0.007905138339920948,0.001976284584980237,0.0,0.0,0.003952569169960474,0.003952569169960474,0.001976284584980237,0.015810276679841896,0.001976284584980237,0.0,0.003952569169960474,0.001976284584980237,0.001976284584980237,0.021739130434782608,0.003952569169960474,0.009881422924901184,0.003952569169960474,0.0,0.01976284584980237,0.0,0.04743083003952569,0.001976284584980237,0.005928853754940711,0.0,0.021739130434782608,0.001976284584980237,0.005928853754940711,0.001976284584980237,0.043478260869565216,0.003952569169960474,0.003952569169960474,0.001976284584980237,0.005928853754940711,0.017786561264822132,0.005928853754940711,0.001976284584980237,0.0,0.001976284584980237,0.011857707509881422,0.009881422924901184,0.001976284584980237,0.005928853754940711,0.015810276679841896,0.001976284584980237,0.011857707509881422,0.003952569169960474,0.009881422924901184,0.003952569169960474,0.007905138339920948,0.0,0.001976284584980237
KICH,0.0,0.0,0.0,0.0,0.0,0.015151515151515152,0.0,0.0,0.015151515151515152,0.0,0.0,0.0,0.0,0.0,0.0,0.0,0.0,0.0,0.0,0.0,0.0,0.015151515151515152,0.0,0.0,0.015151515151515152,0.0,0.0,0.0,0.0,0.0,0.0,0.0,0.015151515151515152,0.0,0.0,0.0,0.0,0.0,0.0,0.0,0.0,0.0,0.015151515151515152,0.0,0.0,0.0,0.0,0.0,0.0,0.0,0.015151515151515152,0.0,0.0,0.0,0.015151515151515152,0.0,0.0,0.0,0.0,0.0,0.015151515151515152,0.0,0.0,0.0,0.015151515151515152,0.0,0.015151515151515152,0.0,0.0,0.0,0.0,0.0,0.0,0.0,0.0,0.0,0.015151515151515152,0.045454545454545456,0.0,0.0,0.030303030303030304,0.0,0.0,0.0,0.0,0.015151515151515152,0.0,0.015151515151515152,0.015151515151515152,0.0,0.0,0.25757575757575757,0.030303030303030304,0.0,0.0,0.0,0.0,0.0,0.0,0.0,0.0,0.0,0.0,0.0,0.0,0.0,0.0,0.0,0.0,0.015151515151515152,0.0,0.0,0.0,0.0,0.015151515151515152,0.0,0.015151515151515152,0.0,0.0,0.0,0.0,0.015151515151515152,0.015151515151515152,0.0,0.015151515151515152,0.015151515151515152,0.0,0.0,0.0,0.0,0.0,0.0,0.0,0.0,0.0,0.0,0.0,0.0,0.0,0.0,0.0,0.0,0.0,0.030303030303030304,0.0,0.0,0.0,0.015151515151515152,0.0,0.015151515151515152,0.0,0.015151515151515152,0.0,0.0,0.0,0.0,0.0,0.0,0.0,0.0,0.0,0.0,0.0,0.0,0.0,0.0,0.0,0.0,0.0,0.0,0.0,0.0,0.015151515151515152,0.0,0.0,0.015151515151515152,0.0,0.0,0.0,0.0,0.0,0.0,0.0,0.0,0.0,0.0,0.015151515151515152
KIRC,0.0,0.002976190476190476,0.0,0.0,0.0,0.0,0.0,0.0,0.0,0.0,0.0,0.002976190476190476,0.002976190476190476,0.008928571428571428,0.0,0.002976190476190476,0.008928571428571428,0.005952380952380952,0.005952380952380952,0.005952380952380952,0.008928571428571428,0.005952380952380952,0.005952380952380952,0.005952380952380952,0.005952380952380952,0.01488095238095238,0.008928571428571428,0.008928571428571428,0.0,0.002976190476190476,0.008928571428571428,0.0,0.0,0.0,0.0,0.0,0.0,0.002976190476190476,0.0,0.008928571428571428,0.0,0.0,0.002976190476190476,0.0,0.0,0.0,0.002976190476190476,0.002976190476190476,0.0,0.005952380952380952,0.005952380952380952,0.002976190476190476,0.011904761904761904,0.020833333333333332,0.002976190476190476,0.005952380952380952,0.005952380952380952,0.011904761904761904,0.0,0.0,0.0,0.0,0.0,0.002976190476190476,0.005952380952380952,0.01488095238095238,0.008928571428571428,0.002976190476190476,0.002976190476190476,0.0,0.002976190476190476,0.01488095238095238,0.005952380952380952,0.002976190476190476,0.008928571428571428,0.0,0.002976190476190476,0.017857142857142856,0.0,0.005952380952380952,0.008928571428571428,0.0,0.0,0.002976190476190476,0.005952380952380952,0.0,0.0,0.01488095238095238,0.002976190476190476,0.002976190476190476,0.0,0.020833333333333332,0.026785714285714284,0.0,0.0,0.005952380952380952,0.011904761904761904,0.002976190476190476,0.0,0.0,0.008928571428571428,0.002976190476190476,0.005952380952380952,0.005952380952380952,0.002976190476190476,0.011904761904761904,0.002976190476190476,0.002976190476190476,0.002976190476190476,0.002976190476190476,0.01488095238095238,0.0,0.0,0.0,0.002976190476190476,0.002976190476190476,0.011904761904761904,0.008928571428571428,0.0,0.0,0.002976190476190476,0.026785714285714284,0.0,0.008928571428571428,0.01488095238095238,0.01488095238095238,0.002976190476190476,0.0,0.0,0.002976190476190476,0.0,0.0,0.0,0.0,0.008928571428571428,0.0,0.0,0.005952380952380952,0.0,0.005952380952380952,0.0,0.0,0.0,0.06845238095238095,0.0,0.002976190476190476,0.002976190476190476,0.002976190476190476,0.005952380952380952,0.005952380952380952,0.0,0.002976190476190476,0.0,0.002976190476190476,0.0,0.0,0.026785714285714284,0.002976190476190476,0.002976190476190476,0.002976190476190476,0.005952380952380952,0.0,0.008928571428571428,0.0,0.03869047619047619,0.005952380952380952,0.005952380952380952,0.002976190476190476,0.0,0.0,0.002976190476190476,0.0,0.0,0.002976190476190476,0.0,0.002976190476190476,0.0,0.002976190476190476,0.0,0.0,0.0,0.0,0.0,0.002976190476190476,0.0,0.0,0.0
KIRP,0.0,0.0,0.0035587188612099642,0.0,0.0035587188612099642,0.0,0.0,0.0035587188612099642,0.010676156583629894,0.0,0.0035587188612099642,0.0035587188612099642,0.0071174377224199285,0.01779359430604982,0.0,0.0071174377224199285,0.010676156583629894,0.0071174377224199285,0.0035587188612099642,0.0,0.0035587188612099642,0.0035587188612099642,0.0,0.010676156583629894,0.0035587188612099642,0.0035587188612099642,0.07117437722419928,0.0,0.0,0.014234875444839857,0.0071174377224199285,0.0,0.0035587188612099642,0.01779359430604982,0.0,0.010676156583629894,0.0071174377224199285,0.0,0.0035587188612099642,0.0035587188612099642,0.0,0.0,0.0,0.0,0.0035587188612099642,0.0,0.0,0.0,0.0071174377224199285,0.0071174377224199285,0.0,0.0071174377224199285,0.01779359430604982,0.028469750889679714,0.010676156583629894,0.0071174377224199285,0.02491103202846975,0.0071174377224199285,0.0,0.0,0.0,0.0,0.0035587188612099642,0.0035587188612099642,0.010676156583629894,0.0071174377224199285,0.0071174377224199285,0.0,0.0035587188612099642,0.0,0.0,0.01779359430604982,0.0035587188612099642,0.0071174377224199285,0.028469750889679714,0.0035587188612099642,0.0035587188612099642,0.010676156583629894,0.0071174377224199285,0.0071174377224199285,0.01779359430604982,0.0035587188612099642,0.0035587188612099642,0.0071174377224199285,0.0,0.0,0.0071174377224199285,0.014234875444839857,0.0035587188612099642,0.0,0.0,0.014234875444839857,0.010676156583629894,0.0,0.0071174377224199285,0.0071174377224199285,0.014234875444839857,0.010676156583629894,0.0,0.0,0.0035587188612099642,0.0,0.0071174377224199285,0.0035587188612099642,0.0,0.010676156583629894,0.0,0.0,0.0,0.0071174377224199285,0.0035587188612099642,0.0035587188612099642,0.0,0.010676156583629894,0.0071174377224199285,0.0071174377224199285,0.010676156583629894,0.010676156583629894,0.0,0.0,0.0,0.014234875444839857,0.0035587188612099642,0.0071174377224199285,0.014234875444839857,0.010676156583629894,0.0035587188612099642,0.0,0.0,0.0,0.0,0.0,0.0,0.0035587188612099642,0.0035587188612099642,0.0,0.0035587188612099642,0.0,0.0,0.0,0.0,0.0,0.0035587188612099642,0.010676156583629894,0.0035587188612099642,0.0035587188612099642,0.0,0.0071174377224199285,0.0035587188612099642,0.0071174377224199285,0.0,0.0071174377224199285,0.010676156583629894,0.0035587188612099642,0.0,0.0,0.010676156583629894,0.0,0.0,0.0,0.0,0.0035587188612099642,0.0071174377224199285,0.0035587188612099642,0.021352313167259784,0.0,0.0,0.0,0.0,0.0035587188612099642,0.0071174377224199285,0.0,0.0071174377224199285,0.0,0.0071174377224199285,0.0,0.0035587188612099642,0.0035587188612099642,0.0,0.0,0.0071174377224199285,0.0035587188612099642,0.010676156583629894,0.0035587188612099642,0.0035587188612099642,0.0,0.0071174377224199285
LAML,0.0,0.0,0.0,0.008695652173913044,0.0,0.0,0.0,0.0,0.0,0.017391304347826087,0.0,0.0,0.0,0.0,0.0,0.0,0.0,0.008695652173913044,0.0,0.0,0.0,0.0,0.0,0.0,0.008695652173913044,0.0,0.0,0.0,0.0,0.0,0.0,0.017391304347826087,0.0,0.026086956521739132,0.0,0.0,0.0,0.0,0.0,0.0,0.0,0.0,0.0,0.0,0.0,0.0,0.0,0.0,0.0,0.008695652173913044,0.0,0.008695652173913044,0.0,0.008695652173913044,0.0,0.0,0.008695652173913044,0.0,0.0,0.0,0.0,0.0,0.008695652173913044,0.008695652173913044,0.0,0.0,0.0,0.0,0.0,0.008695652173913044,0.0,0.0,0.0,0.0,0.0,0.008695652173913044,0.0,0.0,0.0,0.0,0.0,0.0,0.008695652173913044,0.0,0.0,0.0,0.0,0.017391304347826087,0.008695652173913044,0.008695652173913044,0.0,0.06086956521739131,0.008695652173913044,0.0,0.0,0.008695652173913044,0.008695652173913044,0.0,0.0,0.0,0.0,0.0,0.0,0.008695652173913044,0.0,0.017391304347826087,0.0,0.0,0.008695652173913044,0.0,0.0,0.008695652173913044,0.0,0.0,0.0,0.017391304347826087,0.0,0.017391304347826087,0.0,0.0,0.0,0.008695652173913044,0.0,0.017391304347826087,0.0,0.0,0.034782608695652174,0.0,0.0,0.0,0.0,0.0,0.0,0.0,0.0,0.0,0.0,0.0,0.0,0.0,0.0,0.0,0.0,0.008695652173913044,0.0,0.0,0.0,0.008695652173913044,0.0,0.0,0.0,0.0,0.0,0.026086956521739132,0.0,0.0,0.008695652173913044,0.0,0.0,0.0,0.008695652173913044,0.0,0.0,0.0,0.034782608695652174,0.0,0.0,0.0,0.0,0.0,0.0,0.0,0.0,0.0,0.0,0.0,0.0,0.008695652173913044,0.008695652173913044,0.0,0.0,0.0,0.008695652173913044,0.0,0.008695652173913044,0.0,0.0
LGG,0.007920792079207921,0.0,0.0,0.0,0.0019801980198019802,0.0,0.0019801980198019802,0.0019801980198019802,0.0,0.0,0.0,0.0,0.0019801980198019802,0.0019801980198019802,0.0019801980198019802,0.0,0.05742574257425743,0.0019801980198019802,0.0019801980198019802,0.0,0.0,0.0019801980198019802,0.05742574257425743,0.0019801980198019802,0.0019801980198019802,0.011881188118811881,0.005940594059405941,0.0039603960396039604,0.0019801980198019802,0.0,0.0039603960396039604,0.009900990099009901,0.009900990099009901,0.0039603960396039604,0.0,0.005940594059405941,0.0,0.0019801980198019802,0.0039603960396039604,0.0039603960396039604,0.0039603960396039604,0.0019801980198019802,0.0019801980198019802,0.0,0.0039603960396039604,0.0,0.0039603960396039604,0.0039603960396039604,0.0,0.0039603960396039604,0.007920792079207921,0.0039603960396039604,0.0,0.009900990099009901,0.005940594059405941,0.0039603960396039604,0.005940594059405941,0.0019801980198019802,0.0,0.0,0.0,0.0,0.0019801980198019802,0.0,0.0297029702970297,0.009900990099009901,0.007920792079207921,0.005940594059405941,0.0,0.0,0.005940594059405941,0.0039603960396039604,0.0039603960396039604,0.0,0.0019801980198019802,0.005940594059405941,0.013861386138613862,0.033663366336633666,0.0,0.0039603960396039604,0.005940594059405941,0.0,0.0039603960396039604,0.0039603960396039604,0.0019801980198019802,0.0039603960396039604,0.0,0.031683168316831684,0.0039603960396039604,0.0,0.0019801980198019802,0.4138613861386139,0.0039603960396039604,0.0,0.0,0.005940594059405941,0.0019801980198019802,0.0019801980198019802,0.0019801980198019802,0.0019801980198019802,0.0039603960396039604,0.005940594059405941,0.0019801980198019802,0.0039603960396039604,0.0,0.0019801980198019802,0.0019801980198019802,0.0,0.0,0.0039603960396039604,0.0039603960396039604,0.005940594059405941,0.0019801980198019802,0.0,0.0039603960396039604,0.0,0.005940594059405941,0.009900990099009901,0.0,0.0,0.0019801980198019802,0.005940594059405941,0.0,0.023762376237623763,0.007920792079207921,0.015841584158415842,0.0039603960396039604,0.0,0.0,0.0,0.0,0.0019801980198019802,0.0,0.0019801980198019802,0.0019801980198019802,0.0,0.0019801980198019802,0.007920792079207921,0.0,0.0,0.0,0.0,0.0,0.009900990099009901,0.0,0.0,0.0019801980198019802,0.005940594059405941,0.0019801980198019802,0.0039603960396039604,0.0,0.007920792079207921,0.0,0.013861386138613862,0.007920792079207921,0.0,0.007920792079207921,0.0039603960396039604,0.0039603960396039604,0.0019801980198019802,0.0,0.0,0.0019801980198019802,0.0,0.0039603960396039604,0.0019801980198019802,0.0019801980198019802,0.0,0.0019801980198019802,0.0039603960396039604,0.0,0.0,0.0,0.0019801980198019802,0.0039603960396039604,0.0,0.0019801980198019802,0.0,0.005940594059405941,0.0,0.0019801980198019802,0.0019801980198019802,0.0039603960396039604,0.0,0.0019801980198019802,0.0019801980198019802,0.0
LIHC,0.0,0.008287292817679558,0.0,0.0027624309392265192,0.0,0.0,0.008287292817679558,0.0055248618784530384,0.0,0.0027624309392265192,0.0055248618784530384,0.0,0.0027624309392265192,0.027624309392265192,0.0,0.0027624309392265192,0.027624309392265192,0.008287292817679558,0.008287292817679558,0.0,0.016574585635359115,0.011049723756906077,0.0055248618784530384,0.0027624309392265192,0.016574585635359115,0.013812154696132596,0.0027624309392265192,0.0027624309392265192,0.008287292817679558,0.0027624309392265192,0.008287292817679558,0.027624309392265192,0.027624309392265192,0.013812154696132596,0.0,0.0,0.0027624309392265192,0.0,0.008287292817679558,0.008287292817679558,0.0027624309392265192,0.0,0.013812154696132596,0.0055248618784530384,0.019337016574585635,0.0,0.0027624309392265192,0.027624309392265192,0.0027624309392265192,0.008287292817679558,0.0027624309392265192,0.019337016574585635,0.011049723756906077,0.013812154696132596,0.019337016574585635,0.013812154696132596,0.016574585635359115,0.022099447513812154,0.0,0.0,0.0,0.0,0.0027624309392265192,0.0,0.016574585635359115,0.013812154696132596,0.024861878453038673,0.022099447513812154,0.008287292817679558,0.0,0.0055248618784530384,0.011049723756906077,0.019337016574585635,0.03314917127071823,0.0,0.011049723756906077,0.0055248618784530384,0.011049723756906077,0.0027624309392265192,0.011049723756906077,0.016574585635359115,0.0027624309392265192,0.0,0.016574585635359115,0.0,0.008287292817679558,0.011049723756906077,0.022099447513812154,0.016574585635359115,0.0055248618784530384,0.0055248618784530384,0.22375690607734808,0.03038674033149171,0.0,0.008287292817679558,0.019337016574585635,0.03038674033149171,0.04696132596685083,0.0,0.0,0.0,0.0055248618784530384,0.0027624309392265192,0.0055248618784530384,0.0,0.016574585635359115,0.008287292817679558,0.011049723756906077,0.0,0.008287292817679558,0.019337016574585635,0.0055248618784530384,0.0,0.0055248618784530384,0.2430939226519337,0.0027624309392265192,0.03867403314917127,0.03591160220994475,0.008287292817679558,0.0055248618784530384,0.013812154696132596,0.024861878453038673,0.0055248618784530384,0.03867403314917127,0.06353591160220995,0.03591160220994475,0.008287292817679558,0.0,0.0027624309392265192,0.0,0.0055248618784530384,0.0,0.0027624309392265192,0.0055248618784530384,0.0055248618784530384,0.0027624309392265192,0.0055248618784530384,0.0,0.008287292817679558,0.0027624309392265192,0.0027624309392265192,0.0,0.0,0.019337016574585635,0.0,0.0,0.0027624309392265192,0.011049723756906077,0.013812154696132596,0.022099447513812154,0.0,0.011049723756906077,0.008287292817679558,0.0055248618784530384,0.0027624309392265192,0.0,0.011049723756906077,0.03314917127071823,0.0055248618784530384,0.0027624309392265192,0.0,0.0055248618784530384,0.016574585635359115,0.0027624309392265192,0.019337016574585635,0.0,0.0055248618784530384,0.0027624309392265192,0.011049723756906077,0.008287292817679558,0.008287292817679558,0.0055248618784530384,0.0027624309392265192,0.0027624309392265192,0.008287292817679558,0.013812154696132596,0.0055248618784530384,0.0027624309392265192,0.013812154696132596,0.011049723756906077,0.0055248618784530384,0.0027624309392265192,0.0055248618784530384,0.016574585635359115,0.0027624309392265192,0.0055248618784530384,0.0
LUAD,0.003552397868561279,0.0053285968028419185,0.0017761989342806395,0.007104795737122558,0.003552397868561279,0.007104795737122558,0.0053285968028419185,0.0,0.0,0.0053285968028419185,0.0053285968028419185,0.0017761989342806395,0.017761989342806393,0.023090586145648316,0.0017761989342806395,0.007104795737122558,0.035523978685612786,0.010657193605683837,0.0,0.0053285968028419185,0.026642984014209593,0.021314387211367674,0.06394316163410302,0.007104795737122558,0.02131438721136767,0.06394316163410302,0.02309058614564831,0.007104795737122558,0.014209591474245116,0.0017761989342806395,0.014209591474245116,0.014209591474245116,0.014209591474245116,0.19893428063943164,0.003552397868561279,0.056838365896980464,0.008880994671403197,0.0,0.0053285968028419185,0.019538188277087032,0.007104795737122558,0.007104795737122558,0.0017761989342806395,0.0053285968028419185,0.02486678507992895,0.0,0.0,0.033747779751332155,0.007104795737122558,0.02309058614564831,0.019538188277087032,0.023090586145648316,0.0053285968028419185,0.08170515097690942,0.055062166962699825,0.024866785079928955,0.035523978685612786,0.008880994671403197,0.0017761989342806395,0.0017761989342806395,0.0,0.0,0.0,0.015985790408525755,0.028419182948490232,0.03197158081705151,0.012433392539964476,0.08170515097690942,0.014209591474245116,0.0053285968028419185,0.019538188277087035,0.02486678507992895,0.028419182948490232,0.15452930728241565,0.014209591474245116,0.033747779751332155,0.0053285968028419185,0.012433392539964477,0.07815275310834813,0.007104795737122558,0.015985790408525755,0.007104795737122558,0.0053285968028419185,0.008880994671403197,0.012433392539964476,0.010657193605683837,0.03019538188277087,0.07815275310834813,0.008880994671403197,0.008880994671403197,0.008880994671403197,0.3836589698046181,0.058614564831261096,0.003552397868561279,0.010657193605683835,0.05506216696269982,0.035523978685612786,0.008880994671403197,0.0053285968028419185,0.0017761989342806395,0.008880994671403197,0.010657193605683835,0.010657193605683837,0.015985790408525755,0.008880994671403197,0.046181172291296625,0.0053285968028419185,0.008880994671403197,0.0,0.014209591474245116,0.08703374777975134,0.026642984014209593,0.010657193605683837,0.003552397868561279,0.023090586145648313,0.019538188277087035,0.05150976909413854,0.07460035523978686,0.015985790408525755,0.0,0.03019538188277087,0.06927175843694494,0.0017761989342806395,0.0497335701598579,0.1669626998223801,0.1349911190053286,0.033747779751332155,0.010657193605683835,0.007104795737122558,0.0053285968028419185,0.0,0.014209591474245116,0.0,0.012433392539964477,0.012433392539964477,0.012433392539964477,0.0,0.010657193605683837,0.003552397868561279,0.0053285968028419185,0.0,0.0017761989342806395,0.007104795737122558,0.035523978685612786,0.003552397868561279,0.0053285968028419185,0.0017761989342806395,0.007104795737122558,0.019538188277087035,0.06216696269982237,0.0053285968028419185,0.014209591474245116,0.015985790408525755,0.012433392539964477,0.026642984014209593,0.014209591474245116,0.03197158081705151,0.007104795737122558,0.003552397868561279,0.003552397868561279,0.008880994671403197,0.0017761989342806395,0.021314387211367674,0.0053285968028419185,0.026642984014209593,0.007104795737122558,0.0053285968028419185,0.0053285968028419185,0.012433392539964476,0.015985790408525755,0.017761989342806393,0.003552397868561279,0.0053285968028419185,0.003552397868561279,0.0497335701598579,0.007104795737122558,0.0017761989342806395,0.0053285968028419185,0.014209591474245116,0.0053285968028419185,0.012433392539964476,0.0,0.019538188277087032,0.03374777975133215,0.023090586145648313,0.003552397868561279,0.0053285968028419185
LUSC,0.00816326530612245,0.004081632653061225,0.004081632653061225,0.00816326530612245,0.0020408163265306124,0.004081632653061225,0.006122448979591837,0.0020408163265306124,0.010204081632653062,0.006122448979591837,0.010204081632653062,0.0020408163265306124,0.030612244897959186,0.1326530612244898,0.00816326530612245,0.010204081632653062,0.0979591836734694,0.022448979591836737,0.018367346938775512,0.006122448979591837,0.02653061224489796,0.012244897959183675,0.0163265306122449,0.012244897959183675,0.014285714285714287,0.03877551020408164,0.00816326530612245,0.004081632653061225,0.02448979591836735,0.0163265306122449,0.012244897959183675,0.036734693877551024,0.006122448979591837,0.012244897959183675,0.012244897959183675,0.022448979591836737,0.004081632653061225,0.012244897959183675,0.006122448979591837,0.022448979591836737,0.004081632653061225,0.004081632653061225,0.006122448979591837,0.0,0.11020408163265308,0.0020408163265306124,0.0,0.04489795918367347,0.0020408163265306124,0.030612244897959186,0.00816326530612245,0.018367346938775512,0.014285714285714287,0.1163265306122449,0.028571428571428574,0.0489795918367347,0.05918367346938776,0.03469387755102041,0.0,0.0,0.0,0.0,0.006122448979591837,0.010204081632653062,0.05510204081632654,0.03877551020408164,0.020408163265306124,0.03877551020408164,0.014285714285714287,0.012244897959183675,0.03877551020408164,0.04285714285714286,0.02448979591836735,0.10204081632653061,0.03877551020408164,0.020408163265306124,0.014285714285714287,0.07346938775510205,0.004081632653061225,0.010204081632653062,0.0163265306122449,0.006122448979591837,0.012244897959183675,0.010204081632653062,0.00816326530612245,0.0,0.0163265306122449,0.07959183673469389,0.04489795918367347,0.014285714285714287,0.00816326530612245,0.6285714285714286,0.04489795918367347,0.0020408163265306124,0.004081632653061225,0.03469387755102041,0.04489795918367347,0.004081632653061225,0.012244897959183675,0.0020408163265306124,0.006122448979591837,0.006122448979591837,0.012244897959183675,0.018367346938775512,0.00816326530612245,0.02653061224489796,0.004081632653061225,0.006122448979591837,0.0,0.010204081632653062,0.09183673469387756,0.006122448979591837,0.004081632653061225,0.0020408163265306124,0.006122448979591837,0.018367346938775512,0.05306122448979592,0.0836734693877551,0.00816326530612245,0.0,0.02448979591836735,0.07959183673469389,0.012244897959183675,0.04081632653061225,0.1346938775510204,0.11020408163265306,0.02653061224489796,0.0,0.006122448979591837,0.006122448979591837,0.004081632653061225,0.004081632653061225,0.0020408163265306124,0.022448979591836737,0.004081632653061225,0.010204081632653062,0.0020408163265306124,0.0020408163265306124,0.004081632653061225,0.004081632653061225,0.00816326530612245,0.0020408163265306124,0.004081632653061225,0.028571428571428574,0.004081632653061225,0.0020408163265306124,0.0020408163265306124,0.010204081632653062,0.02448979591836735,0.04285714285714286,0.004081632653061225,0.012244897959183675,0.020408163265306124,0.012244897959183675,0.028571428571428574,0.006122448979591837,0.06326530612244899,0.0163265306122449,0.004081632653061225,0.0020408163265306124,0.014285714285714287,0.0,0.02653061224489796,0.004081632653061225,0.028571428571428574,0.010204081632653062,0.010204081632653062,0.00816326530612245,0.022448979591836737,0.0163265306122449,0.0163265306122449,0.0,0.006122448979591837,0.010204081632653062,0.04489795918367347,0.018367346938775512,0.00816326530612245,0.010204081632653062,0.02448979591836735,0.022448979591836737,0.018367346938775512,0.0020408163265306124,0.036734693877551024,0.022448979591836737,0.018367346938775512,0.0020408163265306124,0.00816326530612245
MESO,0.0,0.0,0.01282051282051282,0.0,0.0,0.0,0.0,0.0,0.0,0.01282051282051282,0.0,0.0,0.0,0.0,0.0,0.0,0.01282051282051282,0.0,0.0,0.0,0.0,0.01282051282051282,0.0,0.0,0.0,0.0,0.0,0.01282051282051282,0.0,0.01282051282051282,0.0,0.01282051282051282,0.0,0.01282051282051282,0.0,0.01282051282051282,0.0,0.0,0.0,0.0,0.0,0.0,0.0,0.0,0.0,0.0,0.01282051282051282,0.0,0.0,0.02564102564102564,0.07692307692307691,0.01282051282051282,0.11538461538461536,0.0,0.02564102564102564,0.0,0.01282051282051282,0.01282051282051282,0.0,0.0,0.0,0.0,0.0,0.0,0.0,0.0,0.01282051282051282,0.0,0.0,0.0,0.0,0.038461538461538464,0.0,0.0,0.0,0.01282051282051282,0.0,0.02564102564102564,0.0,0.01282051282051282,0.0,0.0,0.01282051282051282,0.0,0.0,0.0,0.0,0.0,0.0,0.0,0.0,0.1282051282051282,0.01282051282051282,0.0,0.0,0.0,0.0,0.0,0.0,0.0,0.0,0.0,0.0,0.0,0.01282051282051282,0.0,0.01282051282051282,0.01282051282051282,0.0,0.0,0.0,0.0,0.0,0.0,0.0,0.0,0.01282051282051282,0.0,0.0,0.0,0.0,0.01282051282051282,0.0,0.0,0.0,0.05128205128205128,0.0,0.0,0.0,0.01282051282051282,0.0,0.0,0.0,0.0,0.0,0.0,0.01282051282051282,0.0,0.0,0.0,0.0,0.0,0.0,0.0,0.0,0.0,0.0,0.0,0.0,0.0,0.0,0.0,0.0,0.0,0.0,0.0,0.01282051282051282,0.0,0.0,0.0,0.0,0.0,0.0,0.0,0.0,0.0,0.0,0.0,0.0,0.0,0.0,0.0,0.0,0.0,0.0,0.0,0.0,0.0,0.01282051282051282,0.0,0.0,0.0,0.01282051282051282,0.0,0.0,0.0,0.0
OV,0.0,0.0,0.0,0.0023094688221709007,0.0,0.0,0.0023094688221709007,0.0,0.0023094688221709007,0.004618937644341801,0.0023094688221709007,0.0023094688221709007,0.009237875288683603,0.0,0.0,0.0,0.011547344110854504,0.016166281755196306,0.0,0.0023094688221709007,0.0069284064665127015,0.004618937644341801,0.016166281755196306,0.004618937644341801,0.013856812933025403,0.009237875288683603,0.0069284064665127015,0.0069284064665127015,0.0023094688221709007,0.0023094688221709007,0.004618937644341801,0.016166281755196306,0.0023094688221709007,0.011547344110854504,0.0,0.004618937644341801,0.0,0.0,0.0,0.0023094688221709007,0.0,0.004618937644341801,0.0023094688221709007,0.0023094688221709007,0.0023094688221709007,0.0,0.0069284064665127015,0.018475750577367205,0.0,0.016166281755196306,0.0023094688221709007,0.004618937644341801,0.0069284064665127015,0.023094688221709007,0.009237875288683603,0.004618937644341801,0.016166281755196306,0.009237875288683603,0.0,0.0,0.0,0.0,0.0,0.0,0.004618937644341801,0.009237875288683603,0.004618937644341801,0.03002309468822171,0.004618937644341801,0.0069284064665127015,0.011547344110854504,0.009237875288683603,0.004618937644341801,0.0023094688221709007,0.004618937644341801,0.004618937644341801,0.0023094688221709007,0.004618937644341801,0.0,0.0023094688221709007,0.004618937644341801,0.0023094688221709007,0.004618937644341801,0.0023094688221709007,0.0,0.0,0.0069284064665127015,0.03926096997690531,0.0069284064665127015,0.0,0.004618937644341801,0.697459584295612,0.020785219399538105,0.0,0.0,0.0069284064665127015,0.018475750577367205,0.004618937644341801,0.0,0.0,0.0069284064665127015,0.0069284064665127015,0.0023094688221709007,0.0069284064665127015,0.0,0.013856812933025405,0.0,0.0023094688221709007,0.004618937644341801,0.004618937644341801,0.016166281755196302,0.0023094688221709007,0.004618937644341801,0.0023094688221709007,0.0023094688221709007,0.0069284064665127015,0.016166281755196306,0.011547344110854504,0.0069284064665127015,0.0023094688221709007,0.004618937644341801,0.004618937644341801,0.0,0.011547344110854504,0.03926096997690531,0.023094688221709007,0.0069284064665127015,0.0023094688221709007,0.0023094688221709007,0.0023094688221709007,0.0023094688221709007,0.0,0.0,0.0023094688221709007,0.004618937644341801,0.0,0.0,0.0,0.0023094688221709007,0.0,0.0,0.0023094688221709007,0.0023094688221709007,0.018475750577367205,0.0,0.0069284064665127015,0.0,0.011547344110854504,0.009237875288683603,0.009237875288683603,0.0,0.0069284064665127015,0.009237875288683603,0.0,0.013856812933025403,0.0,0.011547344110854504,0.0,0.0023094688221709007,0.0023094688221709007,0.0,0.0,0.0069284064665127015,0.0,0.023094688221709007,0.0,0.0,0.004618937644341801,0.0069284064665127015,0.0023094688221709007,0.0069284064665127015,0.0023094688221709007,0.004618937644341801,0.0069284064665127015,0.013856812933025403,0.0023094688221709007,0.0,0.004618937644341801,0.009237875288683603,0.004618937644341801,0.004618937644341801,0.0,0.004618937644341801,0.0069284064665127015,0.009237875288683603,0.0023094688221709007,0.004618937644341801
PAAD,0.0,0.0058823529411764705,0.0058823529411764705,0.0058823529411764705,0.0058823529411764705,0.0,0.0,0.011764705882352941,0.0,0.0,0.011764705882352941,0.0058823529411764705,0.011764705882352941,0.0058823529411764705,0.0058823529411764705,0.0058823529411764705,0.023529411764705882,0.0058823529411764705,0.0058823529411764705,0.0,0.0058823529411764705,0.0058823529411764705,0.0058823529411764705,0.011764705882352941,0.0058823529411764705,0.0058823529411764705,0.0058823529411764705,0.0,0.0,0.0058823529411764705,0.0058823529411764705,0.0058823529411764705,0.0058823529411764705,0.6705882352941176,0.0058823529411764705,0.0058823529411764705,0.0,0.0,0.0,0.0058823529411764705,0.011764705882352941,0.0,0.0,0.0,0.10588235294117647,0.0,0.0,0.0058823529411764705,0.0,0.01764705882352941,0.011764705882352941,0.011764705882352941,0.0,0.011764705882352941,0.011764705882352941,0.0058823529411764705,0.011764705882352941,0.023529411764705882,0.0,0.0,0.0,0.0,0.0,0.0058823529411764705,0.011764705882352941,0.0058823529411764705,0.011764705882352941,0.011764705882352941,0.0058823529411764705,0.0058823529411764705,0.01764705882352941,0.011764705882352941,0.0058823529411764705,0.011764705882352941,0.0058823529411764705,0.0058823529411764705,0.0058823529411764705,0.0,0.0058823529411764705,0.0058823529411764705,0.011764705882352941,0.023529411764705882,0.041176470588235294,0.011764705882352941,0.0058823529411764705,0.0058823529411764705,0.14705882352941177,0.011764705882352941,0.011764705882352941,0.0058823529411764705,0.0,0.5117647058823529,0.03529411764705882,0.0058823529411764705,0.011764705882352941,0.011764705882352941,0.023529411764705882,0.01764705882352941,0.0,0.0058823529411764705,0.041176470588235294,0.0058823529411764705,0.011764705882352941,0.0058823529411764705,0.0,0.011764705882352941,0.011764705882352941,0.0058823529411764705,0.0,0.0058823529411764705,0.011764705882352941,0.01764705882352941,0.0058823529411764705,0.0,0.023529411764705882,0.011764705882352941,0.023529411764705882,0.01764705882352941,0.0058823529411764705,0.0,0.0058823529411764705,0.011764705882352941,0.0058823529411764705,0.041176470588235294,0.03529411764705882,0.023529411764705882,0.011764705882352941,0.0,0.0058823529411764705,0.0,0.0,0.0058823529411764705,0.0,0.0058823529411764705,0.0058823529411764705,0.0,0.0,0.0,0.0,0.0,0.0,0.0,0.0,0.01764705882352941,0.0,0.0058823529411764705,0.0058823529411764705,0.0,0.01764705882352941,0.011764705882352941,0.0058823529411764705,0.01764705882352941,0.011764705882352941,0.0,0.0058823529411764705,0.0,0.0058823529411764705,0.0,0.0,0.0,0.0058823529411764705,0.0,0.0058823529411764705,0.0,0.01764705882352941,0.0058823529411764705,0.0,0.0,0.011764705882352941,0.011764705882352941,0.0,0.011764705882352941,0.011764705882352941,0.011764705882352941,0.0058823529411764705,0.0058823529411764705,0.0,0.0058823529411764705,0.0058823529411764705,0.011764705882352941,0.0058823529411764705,0.0,0.011764705882352941,0.0058823529411764705,0.011764705882352941,0.0058823529411764705,0.0058823529411764705
PCPG,0.0,0.0,0.0,0.0,0.0,0.0,0.0,0.0,0.0,0.0,0.0,0.0,0.0,0.005681818181818182,0.0,0.0,0.0,0.0,0.0,0.0,0.0,0.0,0.0,0.0,0.0,0.0,0.0,0.011363636363636364,0.005681818181818182,0.0,0.0,0.0,0.0,0.0,0.10227272727272727,0.005681818181818182,0.0,0.0,0.0,0.005681818181818182,0.0,0.0,0.0,0.0,0.005681818181818182,0.0,0.005681818181818182,0.0,0.0,0.0,0.0,0.005681818181818182,0.0,0.005681818181818182,0.005681818181818182,0.0,0.0,0.0,0.0,0.0,0.0,0.0,0.0,0.0,0.0,0.0,0.005681818181818182,0.005681818181818182,0.0,0.0,0.0,0.0,0.0,0.0,0.0,0.0,0.0,0.0,0.0,0.0,0.0,0.0,0.0,0.0,0.0,0.0,0.0,0.03409090909090909,0.0,0.0,0.0,0.005681818181818182,0.0,0.0,0.0,0.005681818181818182,0.005681818181818182,0.0,0.0,0.0,0.0,0.0,0.0,0.0,0.0,0.0,0.0,0.0,0.0,0.0,0.0,0.0,0.0,0.0,0.0,0.0,0.0,0.0,0.0,0.005681818181818182,0.0,0.0,0.0,0.0,0.0,0.0,0.0,0.0,0.0,0.0,0.0,0.0,0.0,0.005681818181818182,0.005681818181818182,0.0,0.0,0.0,0.0,0.0,0.0,0.0,0.0,0.005681818181818182,0.0,0.0,0.0,0.0,0.0,0.0,0.0,0.0,0.0,0.0,0.03409090909090909,0.0,0.0,0.0,0.0,0.0,0.0,0.0,0.0,0.0,0.0,0.0,0.0,0.0,0.0,0.0,0.0,0.0,0.0,0.0,0.005681818181818182,0.0,0.0,0.0,0.0,0.0,0.0,0.0,0.0,0.0,0.0,0.0,0.0
PRAD,0.0,0.0,0.0020833333333333333,0.0,0.0,0.0,0.0020833333333333333,0.0,0.0,0.0020833333333333333,0.0020833333333333333,0.0,0.00625,0.0020833333333333333,0.0020833333333333333,0.0,0.014583333333333334,0.0020833333333333333,0.0020833333333333333,0.0,0.0,0.0020833333333333333,0.004166666666666667,0.00625,0.00625,0.004166666666666667,0.00625,0.0020833333333333333,0.00625,0.0020833333333333333,0.0,0.004166666666666667,0.008333333333333333,0.0020833333333333333,0.00625,0.010416666666666668,0.0,0.0,0.0020833333333333333,0.0020833333333333333,0.0,0.0020833333333333333,0.0020833333333333333,0.0,0.0020833333333333333,0.0,0.0,0.0020833333333333333,0.0020833333333333333,0.0,0.0,0.0020833333333333333,0.004166666666666667,0.0020833333333333333,0.0020833333333333333,0.008333333333333333,0.00625,0.010416666666666668,0.0,0.0,0.0,0.0,0.0,0.0020833333333333333,0.0020833333333333333,0.00625,0.004166666666666667,0.0020833333333333333,0.0,0.0,0.0,0.004166666666666667,0.00625,0.00625,0.008333333333333333,0.0020833333333333333,0.0,0.010416666666666668,0.0,0.0020833333333333333,0.008333333333333333,0.004166666666666667,0.0,0.004166666666666667,0.0020833333333333333,0.0020833333333333333,0.008333333333333333,0.0020833333333333333,0.0020833333333333333,0.0,0.0020833333333333333,0.07708333333333334,0.027083333333333334,0.0,0.0020833333333333333,0.0020833333333333333,0.014583333333333334,0.0020833333333333333,0.004166666666666667,0.0,0.00625,0.0,0.00625,0.004166666666666667,0.0020833333333333333,0.004166666666666667,0.0,0.0020833333333333333,0.0,0.0,0.004166666666666667,0.004166666666666667,0.0,0.0020833333333333333,0.0125,0.0020833333333333333,0.004166666666666667,0.020833333333333336,0.0,0.0,0.0020833333333333333,0.008333333333333333,0.0020833333333333333,0.0125,0.014583333333333334,0.0125,0.0020833333333333333,0.0,0.0020833333333333333,0.0020833333333333333,0.0,0.0,0.0,0.004166666666666667,0.0020833333333333333,0.0,0.0,0.0,0.0,0.0020833333333333333,0.0,0.0,0.0,0.004166666666666667,0.004166666666666667,0.0,0.0,0.0,0.00625,0.004166666666666667,0.0,0.0020833333333333333,0.0,0.0020833333333333333,0.0020833333333333333,0.0020833333333333333,0.004166666666666667,0.0,0.0,0.00625,0.0,0.0020833333333333333,0.004166666666666667,0.0020833333333333333,0.008333333333333333,0.0,0.0,0.004166666666666667,0.004166666666666667,0.004166666666666667,0.0020833333333333333,0.0020833333333333333,0.0020833333333333333,0.0,0.0020833333333333333,0.00625,0.0,0.00625,0.004166666666666667,0.0020833333333333333,0.0,0.0,0.0020833333333333333,0.0,0.0020833333333333333,0.0,0.0
READ,0.0,0.0,0.0,0.0,0.007352941176470588,0.0,0.0,0.007352941176470588,0.007352941176470588,0.0,0.014705882352941176,0.0,0.036764705882352935,0.014705882352941176,0.0,0.007352941176470588,0.14705882352941174,0.022058823529411763,0.0,0.007352941176470588,0.014705882352941176,0.022058823529411763,0.014705882352941176,0.051470588235294115,0.044117647058823525,0.029411764705882353,0.007352941176470588,0.014705882352941176,0.014705882352941176,0.0,0.007352941176470588,0.029411764705882353,0.007352941176470588,0.3676470588235294,0.0,0.03676470588235294,0.014705882352941176,0.0,0.007352941176470588,0.022058823529411763,0.007352941176470588,0.014705882352941176,0.0,0.007352941176470588,0.0,0.0,0.0,0.022058823529411763,0.007352941176470588,0.029411764705882353,0.022058823529411763,0.044117647058823525,0.014705882352941176,0.051470588235294115,0.051470588235294115,0.036764705882352935,0.044117647058823525,0.03676470588235294,0.0,0.0,0.0,0.0,0.014705882352941176,0.022058823529411763,0.007352941176470588,0.044117647058823525,0.029411764705882353,0.029411764705882353,0.007352941176470588,0.007352941176470588,0.1691176470588235,0.029411764705882353,0.022058823529411763,0.0,0.0,0.022058823529411763,0.029411764705882353,0.051470588235294115,0.0,0.014705882352941176,0.0,0.029411764705882353,0.0,0.036764705882352935,0.051470588235294115,0.036764705882352935,0.1176470588235294,0.058823529411764705,0.029411764705882353,0.022058823529411763,0.007352941176470588,0.6764705882352942,0.10294117647058823,0.014705882352941176,0.0,0.0588235294117647,0.6691176470588236,0.014705882352941176,0.007352941176470588,0.014705882352941176,0.007352941176470588,0.08088235294117646,0.014705882352941176,0.014705882352941176,0.022058823529411763,0.022058823529411763,0.007352941176470588,0.022058823529411763,0.0,0.0,0.0588235294117647,0.007352941176470588,0.007352941176470588,0.0,0.044117647058823525,0.014705882352941176,0.051470588235294115,0.08088235294117646,0.014705882352941176,0.007352941176470588,0.029411764705882353,0.08088235294117647,0.0,0.036764705882352935,0.1176470588235294,0.1764705882352941,0.014705882352941176,0.007352941176470588,0.022058823529411763,0.007352941176470588,0.0,0.014705882352941176,0.014705882352941176,0.007352941176470588,0.029411764705882353,0.022058823529411763,0.007352941176470588,0.0,0.007352941176470588,0.007352941176470588,0.007352941176470588,0.007352941176470588,0.0,0.014705882352941176,0.007352941176470588,0.0,0.007352941176470588,0.09558823529411764,0.0,0.029411764705882353,0.014705882352941176,0.007352941176470588,0.007352941176470588,0.036764705882352935,0.029411764705882353,0.007352941176470588,0.044117647058823525,0.029411764705882353,0.0,0.007352941176470588,0.029411764705882353,0.007352941176470588,0.03676470588235294,0.0,0.022058823529411763,0.007352941176470588,0.0,0.0,0.014705882352941176,0.0,0.007352941176470588,0.007352941176470588,0.0,0.0,0.03676470588235294,0.0,0.014705882352941176,0.029411764705882353,0.022058823529411763,0.0,0.029411764705882353,0.0,0.014705882352941176,0.007352941176470588,0.007352941176470588,0.0,0.007352941176470588
SKCM,0.002150537634408602,0.012903225806451613,0.004301075268817204,0.017204301075268817,0.021505376344086023,0.004301075268817204,0.012903225806451613,0.015053763440860214,0.002150537634408602,0.015053763440860214,0.02795698924731183,0.002150537634408602,0.05161290322580645,0.004301075268817204,0.012903225806451613,0.012903225806451615,0.021505376344086023,0.025806451612903226,0.010752688172043012,0.004301075268817204,0.03870967741935484,0.043010752688172046,0.058064516129032254,0.023655913978494623,0.021505376344086023,0.07311827956989247,0.06451612903225806,0.023655913978494626,0.06451612903225806,0.023655913978494623,0.030107526881720432,0.043010752688172046,0.03225806451612903,0.023655913978494623,0.010752688172043012,0.4795698924731184,0.02795698924731183,0.06236559139784946,0.008602150537634409,0.017204301075268817,0.0064516129032258064,0.0064516129032258064,0.010752688172043012,0.002150537634408602,0.1010752688172043,0.0,0.004301075268817204,0.021505376344086023,0.008602150537634409,0.02795698924731183,0.025806451612903226,0.03225806451612903,0.012903225806451613,0.0903225806451613,0.07741935483870968,0.08817204301075268,0.07096774193548387,0.05591397849462366,0.002150537634408602,0.0,0.002150537634408602,0.0,0.0,0.02150537634408602,0.023655913978494623,0.05591397849462365,0.06666666666666667,0.13763440860215054,0.002150537634408602,0.0064516129032258064,0.02795698924731183,0.060215053763440864,0.053763440860215055,0.004301075268817204,0.017204301075268817,0.012903225806451613,0.012903225806451613,0.053763440860215055,0.008602150537634409,0.01935483870967742,0.03655913978494624,0.004301075268817204,0.017204301075268817,0.010752688172043012,0.008602150537634409,0.010752688172043012,0.004301075268817204,0.12258064516129033,0.012903225806451613,0.03655913978494624,0.015053763440860216,0.11827956989247312,0.04731182795698925,0.004301075268817204,0.02580645161290323,0.04946236559139785,0.06881720430107527,0.025806451612903226,0.008602150537634409,0.0064516129032258064,0.021505376344086023,0.021505376344086023,0.03655913978494624,0.008602150537634409,0.015053763440860214,0.0924731182795699,0.010752688172043012,0.010752688172043012,0.0064516129032258064,0.008602150537634409,0.16774193548387098,0.04731182795698925,0.010752688172043012,0.010752688172043012,0.043010752688172046,0.017204301075268817,0.03225806451612903,0.12043010752688171,0.06236559139784946,0.015053763440860216,0.06666666666666667,0.13978494623655913,0.017204301075268817,0.11182795698924732,0.2881720430107527,0.3010752688172043,0.08387096774193548,0.004301075268817204,0.010752688172043012,0.0064516129032258064,0.0064516129032258064,0.010752688172043012,0.012903225806451613,0.015053763440860214,0.025806451612903226,0.05161290322580645,0.015053763440860216,0.0,0.0064516129032258064,0.002150537634408602,0.015053763440860214,0.0,0.002150537634408602,0.06236559139784946,0.002150537634408602,0.004301075268817204,0.004301075268817204,0.2709677419354839,0.05161290322580645,0.07741935483870968,0.0064516129032258064,0.05806451612903226,0.008602150537634409,0.023655913978494626,0.05161290322580645,0.0064516129032258064,0.17849462365591398,0.008602150537634409,0.010752688172043012,0.021505376344086023,0.015053763440860214,0.004301075268817204,0.027956989247311825,0.008602150537634409,0.07311827956989247,0.012903225806451613,0.0064516129032258064,0.012903225806451615,0.034408602150537634,0.04946236559139785,0.01935483870967742,0.004301075268817204,0.008602150537634409,0.008602150537634409,0.04516129032258064,0.017204301075268817,0.01935483870967742,0.008602150537634409,0.034408602150537634,0.023655913978494623,0.04086021505376344,0.0,0.053763440860215055,0.02795698924731183,0.04946236559139785,0.0064516129032258064,0.010752688172043012
STAD,0.004618937644341801,0.0069284064665127015,0.0,0.011547344110854504,0.0,0.0069284064665127015,0.0023094688221709007,0.0069284064665127015,0.0023094688221709007,0.004618937644341801,0.004618937644341801,0.009237875288683603,0.03926096997690531,0.0069284064665127015,0.004618937644341801,0.016166281755196306,0.12240184757505773,0.016166281755196302,0.013856812933025403,0.004618937644341801,0.03464203233256351,0.03233256351039261,0.03464203233256351,0.03926096997690531,0.08314087759815242,0.020785219399538105,0.011547344110854504,0.03233256351039261,0.02540415704387991,0.013856812933025403,0.02771362586605081,0.020785219399538105,0.03695150115473441,0.06697459584295612,0.0023094688221709007,0.02771362586605081,0.018475750577367205,0.0023094688221709007,0.011547344110854504,0.020785219399538105,0.009237875288683603,0.013856812933025403,0.004618937644341801,0.0023094688221709007,0.03002309468822171,0.0023094688221709007,0.0,0.023094688221709004,0.0023094688221709007,0.03002309468822171,0.027713625866050806,0.020785219399538105,0.009237875288683603,0.06466512702078522,0.046189376443418015,0.05542725173210161,0.06004618937644342,0.04157043879907621,0.0,0.0023094688221709007,0.0,0.0,0.0023094688221709007,0.018475750577367205,0.04849884526558891,0.053117782909930716,0.03464203233256351,0.03926096997690531,0.0069284064665127015,0.0069284064665127015,0.06235565819861432,0.053117782909930716,0.05080831408775982,0.016166281755196306,0.011547344110854504,0.016166281755196306,0.016166281755196306,0.02771362586605081,0.004618937644341801,0.009237875288683603,0.03002309468822171,0.016166281755196306,0.02771362586605081,0.018475750577367205,0.018475750577367205,0.013856812933025405,0.05542725173210161,0.05080831408775982,0.03464203233256351,0.0069284064665127015,0.0069284064665127015,0.34180138568129326,0.06466512702078522,0.009237875288683603,0.027713625866050806,0.03002309468822171,0.07852193995381063,0.020785219399538105,0.018475750577367205,0.004618937644341801,0.027713625866050806,0.025404157043879907,0.013856812933025403,0.025404157043879907,0.013856812933025403,0.025404157043879907,0.013856812933025405,0.009237875288683603,0.0069284064665127015,0.011547344110854504,0.03695150115473441,0.03002309468822171,0.009237875288683603,0.009237875288683603,0.046189376443418015,0.03233256351039261,0.053117782909930716,0.08083140877598152,0.018475750577367205,0.009237875288683603,0.016166281755196306,0.09699769053117782,0.023094688221709007,0.11085450346420322,0.14780600461893764,0.18475750577367206,0.020785219399538105,0.004618937644341801,0.013856812933025403,0.009237875288683603,0.0,0.004618937644341801,0.004618937644341801,0.025404157043879907,0.013856812933025405,0.011547344110854504,0.0023094688221709007,0.0069284064665127015,0.009237875288683603,0.011547344110854504,0.011547344110854504,0.0,0.0,0.06235565819861432,0.0023094688221709007,0.0069284064665127015,0.004618937644341801,0.0069284064665127015,0.020785219399538105,0.03002309468822171,0.004618937644341801,0.04157043879907621,0.018475750577367205,0.013856812933025403,0.03002309468822171,0.0,0.03695150115473442,0.009237875288683603,0.0069284064665127015,0.011547344110854504,0.011547344110854504,0.004618937644341801,0.020785219399538108,0.004618937644341801,0.053117782909930716,0.016166281755196306,0.0069284064665127015,0.0069284064665127015,0.020785219399538105,0.046189376443418015,0.03002309468822171,0.0069284064665127015,0.009237875288683603,0.016166281755196306,0.025404157043879903,0.009237875288683603,0.009237875288683603,0.011547344110854504,0.03695150115473441,0.0023094688221709007,0.02771362586605081,0.0023094688221709007,0.04387990762124711,0.025404157043879907,0.025404157043879907,0.0,0.0
TGCT,0.0,0.0,0.0,0.0,0.0,0.0,0.0,0.0,0.0,0.0,0.006896551724137931,0.0,0.006896551724137931,0.0,0.0,0.0,0.020689655172413793,0.006896551724137931,0.0,0.0,0.0,0.0,0.006896551724137931,0.006896551724137931,0.0,0.0,0.0,0.0,0.0,0.0,0.0,0.10344827586206896,0.0,0.06896551724137931,0.0,0.0,0.006896551724137931,0.0,0.0,0.006896551724137931,0.0,0.0,0.0,0.0,0.0,0.0,0.0,0.0,0.0,0.0,0.0,0.0,0.0,0.006896551724137931,0.006896551724137931,0.0,0.006896551724137931,0.006896551724137931,0.0,0.0,0.0,0.0,0.0,0.0,0.006896551724137931,0.0,0.013793103448275862,0.0,0.006896551724137931,0.0,0.0,0.006896551724137931,0.0,0.0,0.006896551724137931,0.0,0.0,0.0,0.0,0.0,0.0,0.0,0.0,0.0,0.0,0.0,0.0,0.006896551724137931,0.0,0.006896551724137931,0.0,0.0,0.006896551724137931,0.0,0.0,0.0,0.0,0.0,0.0,0.0,0.0,0.0,0.0,0.0,0.0,0.0,0.0,0.0,0.0,0.0,0.0,0.0,0.0,0.0,0.0,0.0,0.0,0.0,0.0,0.0,0.0,0.0,0.0,0.0,0.006896551724137931,0.013793103448275862,0.0,0.0,0.0,0.0,0.0,0.0,0.0,0.006896551724137931,0.0,0.0,0.0,0.0,0.0,0.006896551724137931,0.0,0.0,0.0,0.0,0.0,0.0,0.0,0.034482758620689655,0.0,0.0,0.0,0.0,0.0,0.0,0.0,0.0,0.0,0.0,0.0,0.0,0.0,0.0,0.0,0.0,0.006896551724137931,0.0,0.006896551724137931,0.0,0.0,0.0,0.0,0.0,0.0,0.0,0.0,0.0,0.0,0.0,0.0,0.0,0.0,0.0,0.0,0.0,0.0,0.0,0.0
THCA,0.0,0.0,0.0,0.0,0.0,0.0,0.0,0.002053388090349076,0.0,0.0,0.0,0.0,0.002053388090349076,0.0,0.01026694045174538,0.002053388090349076,0.002053388090349076,0.0,0.0,0.0,0.002053388090349076,0.002053388090349076,0.0,0.0,0.002053388090349076,0.0,0.002053388090349076,0.0,0.002053388090349076,0.0,0.0,0.002053388090349076,0.0,0.008213552361396304,0.034907597535934295,0.5482546201232033,0.0,0.0,0.0,0.002053388090349076,0.0,0.0,0.0,0.0,0.002053388090349076,0.0,0.002053388090349076,0.004106776180698152,0.0,0.0,0.0,0.0,0.0,0.0,0.0,0.0,0.0,0.0,0.0,0.0,0.0,0.0,0.0,0.0,0.0,0.0,0.0,0.004106776180698152,0.0,0.0,0.004106776180698152,0.0,0.0,0.002053388090349076,0.0,0.0,0.004106776180698152,0.004106776180698152,0.0,0.0,0.0,0.0,0.002053388090349076,0.002053388090349076,0.0,0.0,0.0,0.002053388090349076,0.004106776180698152,0.0,0.0,0.002053388090349076,0.008213552361396304,0.0,0.002053388090349076,0.0,0.004106776180698152,0.002053388090349076,0.0,0.0,0.0,0.002053388090349076,0.0,0.0,0.0,0.0,0.0,0.0,0.0,0.006160164271047228,0.002053388090349076,0.0,0.0,0.0,0.0,0.002053388090349076,0.0,0.0,0.0,0.0,0.0,0.002053388090349076,0.0,0.0,0.004106776180698152,0.0,0.0,0.0,0.0,0.0,0.0,0.0,0.002053388090349076,0.0,0.0,0.0,0.0,0.0,0.0,0.0,0.0,0.002053388090349076,0.0,0.0,0.0,0.002053388090349076,0.0,0.08008213552361396,0.0,0.002053388090349076,0.0,0.002053388090349076,0.004106776180698152,0.0,0.002053388090349076,0.0,0.002053388090349076,0.0,0.0,0.0,0.0,0.0,0.0,0.0,0.0,0.0,0.0,0.0,0.0,0.0,0.002053388090349076,0.0,0.006160164271047228,0.0,0.004106776180698152,0.0,0.0,0.0,0.0,0.0,0.0,0.0,0.0,0.0,0.002053388090349076,0.0,0.0
THYM,0.0,0.0,0.0,0.0,0.0,0.0,0.0,0.0,0.0,0.0,0.0,0.0,0.0,0.0,0.00909090909090909,0.0,0.0,0.0,0.0,0.0,0.0,0.0,0.0,0.00909090909090909,0.0,0.0,0.0,0.0,0.0,0.0,0.0,0.00909090909090909,0.0,0.00909090909090909,0.07272727272727272,0.0,0.0,0.0,0.0,0.0,0.0,0.0,0.0,0.0,0.0,0.0,0.0,0.0,0.0,0.0,0.0,0.0,0.00909090909090909,0.0,0.00909090909090909,0.0,0.0,0.00909090909090909,0.0,0.00909090909090909,0.0,0.0,0.0,0.0,0.0,0.0,0.0,0.00909090909090909,0.0,0.0,0.0,0.0,0.0,0.0,0.0,0.0,0.00909090909090909,0.0,0.0,0.0,0.0,0.0,0.0,0.0,0.0,0.0,0.0,0.01818181818181818,0.0,0.0,0.0,0.02727272727272727,0.0,0.0,0.0,0.00909090909090909,0.0,0.0,0.0,0.0,0.0,0.0,0.0,0.0,0.0,0.0,0.0,0.0,0.0,0.00909090909090909,0.0,0.0,0.0,0.0,0.00909090909090909,0.0,0.00909090909090909,0.00909090909090909,0.0,0.0,0.0,0.0,0.0,0.0,0.0,0.00909090909090909,0.0,0.0,0.0,0.0,0.00909090909090909,0.0,0.0,0.0,0.0,0.00909090909090909,0.0,0.0,0.0,0.0,0.0,0.0,0.0,0.00909090909090909,0.0,0.0,0.0,0.02727272727272727,0.0,0.0,0.0,0.00909090909090909,0.00909090909090909,0.0,0.0,0.0,0.0,0.0,0.0,0.0,0.0,0.0,0.0,0.0,0.0,0.0,0.0,0.0,0.0,0.0,0.0,0.0,0.0,0.0,0.0,0.0,0.0,0.0,0.0,0.00909090909090909,0.0,0.0,0.0,0.0,0.0,0.0,0.0
UCEC,0.05293005671077505,0.030245746691871456,0.011342155009451797,0.03969754253308129,0.01890359168241966,0.028355387523629493,0.043478260869565216,0.02835538752362949,0.03024574669187146,0.03780718336483932,0.02835538752362949,0.020793950850661626,0.07750472589792061,0.06805293005671077,0.035916824196597356,0.02835538752362949,0.45368620037807184,0.06805293005671079,0.04158790170132325,0.013232514177693763,0.06994328922495274,0.05671077504725898,0.05482041587901701,0.06805293005671077,0.09073724007561437,0.07939508506616258,0.0888468809073724,0.05103969754253308,0.13043478260869568,0.035916824196597356,0.045368620037807186,0.07750472589792061,0.06994328922495274,0.17013232514177692,0.015122873345935728,0.043478260869565216,0.03780718336483932,0.01890359168241966,0.015122873345935728,0.0718336483931947,0.020793950850661626,0.01890359168241966,0.015122873345935728,0.013232514177693763,0.00945179584120983,0.003780718336483932,0.01890359168241966,0.09829867674858223,0.022684310018903593,0.07372400756143668,0.062381852551984876,0.07183364839319471,0.030245746691871456,0.17580340264650285,0.1285444234404537,0.10018903591682421,0.1058601134215501,0.10775047258979206,0.0,0.003780718336483932,0.0,0.0,0.013232514177693762,0.06049149338374291,0.07750472589792061,0.09640831758034027,0.09640831758034027,0.0718336483931947,0.017013232514177693,0.03402646502835539,0.166351606805293,0.1058601134215501,0.0945179584120983,0.03780718336483932,0.06994328922495274,0.0661625708884688,0.13988657844990549,0.45368620037807184,0.020793950850661626,0.05860113421550095,0.062381852551984876,0.04347826086956522,0.03780718336483932,0.05293005671077505,0.04914933837429111,0.043478260869565216,0.03213610586011342,0.11342155009451796,0.1058601134215501,0.05103969754253308,0.026465028355387527,0.31001890359168244,0.14744801512287337,0.017013232514177693,0.04914933837429111,0.08506616257088848,0.1266540642722117,0.043478260869565216,0.022684310018903593,0.013232514177693763,0.06049149338374291,0.05103969754253308,0.05103969754253308,0.05103969754253309,0.05671077504725898,0.08506616257088846,0.05103969754253308,0.05103969754253308,0.015122873345935728,0.04914933837429111,0.1001890359168242,0.04914933837429112,0.01890359168241966,0.020793950850661626,0.23062381852551989,0.04725897920604915,0.1285444234404537,0.1266540642722117,0.03402646502835539,0.028355387523629493,0.0831758034026465,0.08506616257088848,0.02457466918714556,0.14744801512287337,0.17013232514177695,0.18525519848771266,0.06238185255198488,0.015122873345935728,0.030245746691871456,0.020793950850661626,0.007561436672967864,0.03024574669187146,0.026465028355387527,0.043478260869565216,0.05860113421550095,0.02457466918714556,0.035916824196597356,0.035916824196597356,0.024574669187145556,0.024574669187145556,0.02835538752362949,0.005671077504725898,0.011342155009451797,0.10396975425330812,0.022684310018903593,0.020793950850661626,0.026465028355387523,0.03969754253308129,0.045368620037807186,0.06805293005671079,0.030245746691871456,0.06994328922495274,0.15122873345935728,0.05103969754253309,0.06238185255198488,0.015122873345935728,0.11531190926275993,0.07183364839319471,0.020793950850661626,0.01890359168241966,0.04158790170132325,0.015122873345935728,0.09451795841209831,0.005671077504725898,0.09640831758034027,0.045368620037807186,0.054820415879017016,0.03780718336483932,0.04725897920604915,0.06427221172022685,0.043478260869565216,0.01890359168241966,0.020793950850661626,0.030245746691871453,0.08695652173913043,0.06427221172022685,0.04914933837429111,0.035916824196597356,0.05293005671077505,0.026465028355387527,0.05860113421550095,0.005671077504725898,0.06427221172022685,0.06049149338374291,0.05671077504725898,0.01890359168241966,0.03024574669187146
UCS,0.017543859649122806,0.017543859649122806,0.0,0.0,0.0,0.017543859649122806,0.017543859649122806,0.0,0.0,0.03508771929824561,0.0,0.0,0.0,0.0,0.0,0.0,0.3157894736842105,0.0,0.0,0.0,0.0,0.0,0.0,0.017543859649122806,0.07017543859649122,0.0,0.03508771929824561,0.0,0.017543859649122806,0.017543859649122806,0.0,0.017543859649122806,0.0,0.10526315789473684,0.0,0.0,0.0,0.017543859649122806,0.0,0.017543859649122806,0.0,0.0,0.0,0.0,0.017543859649122806,0.017543859649122806,0.0,0.07017543859649122,0.03508771929824561,0.017543859649122806,0.0,0.0,0.0,0.017543859649122806,0.0,0.0,0.05263157894736842,0.0,0.0,0.0,0.0,0.0,0.0,0.017543859649122806,0.03508771929824561,0.0,0.017543859649122806,0.017543859649122806,0.0,0.0,0.38596491228070173,0.0,0.017543859649122806,0.0,0.0,0.017543859649122806,0.017543859649122806,0.19298245614035087,0.0,0.017543859649122806,0.0,0.0,0.0,0.0,0.0,0.0,0.0,0.03508771929824561,0.017543859649122806,0.0,0.0,0.8421052631578947,0.03508771929824561,0.0,0.0,0.017543859649122806,0.017543859649122806,0.0,0.017543859649122806,0.0,0.03508771929824561,0.0,0.017543859649122806,0.017543859649122806,0.0,0.017543859649122806,0.017543859649122806,0.0,0.0,0.03508771929824561,0.017543859649122806,0.0,0.0,0.0,0.0,0.0,0.0,0.017543859649122806,0.0,0.0,0.017543859649122806,0.0,0.0,0.03508771929824561,0.05263157894736842,0.03508771929824561,0.017543859649122806,0.0,0.0,0.0,0.0,0.0,0.0,0.0,0.0,0.0,0.0,0.0,0.0,0.0,0.0,0.0,0.0,0.0,0.0,0.0,0.0,0.017543859649122806,0.03508771929824561,0.0,0.0,0.0,0.2807017543859649,0.017543859649122806,0.0,0.0,0.03508771929824561,0.0,0.0,0.0,0.017543859649122806,0.0,0.0,0.0,0.0,0.0,0.017543859649122806,0.017543859649122806,0.0,0.0,0.0,0.0,0.0,0.017543859649122806,0.0,0.0,0.0,0.0,0.017543859649122806,0.0,0.017543859649122806,0.0,0.0,0.0,0.07017543859649122,0.0,0.0
UVM,0.0,0.0,0.0,0.0,0.0,0.0,0.0,0.0,0.0125,0.0,0.0,0.0,0.0,0.0125,0.0,0.0,0.0,0.0,0.0,0.0,0.0,0.0,0.0,0.0,0.0,0.0125,0.0,0.0,0.0125,0.0,0.0125,0.0,0.0,0.0,0.0,0.0,0.0,0.0,0.0,0.0,0.0,0.0,0.0,0.0,0.0,0.0,0.0,0.0,0.0,0.0,0.0125,0.0,0.0,0.0125,0.0,0.0,0.0,0.0125,0.0,0.0,0.0,0.0,0.0,0.0,0.0,0.0,0.0,0.0,0.0,0.0,0.0125,0.0,0.0,0.0,0.0,0.0,0.0,0.0,0.0,0.0,0.0,0.0,0.0,0.0,0.0,0.0,0.0,0.0,0.0,0.0,0.0,0.0,0.0,0.0,0.0,0.0,0.025,0.0,0.0,0.0,0.025,0.0,0.0,0.0,0.0,0.0,0.0,0.0,0.0,0.0,0.0,0.0,0.0,0.0,0.0,0.0,0.0,0.0,0.0,0.0,0.0125,0.0125,0.0,0.0,0.0125,0.0125,0.0,0.0,0.0,0.0,0.0,0.0,0.0,0.0,0.0,0.0,0.0,0.0,0.0,0.0,0.0,0.0,0.0,0.0125,0.0,0.0,0.0,0.0,0.0,0.0,0.0,0.0,0.0125,0.0,0.0,0.0,0.0125,0.0,0.0,0.0,0.0,0.0,0.0,0.0125,0.0,0.0125,0.0,0.0,0.0,0.0,0.0,0.0,0.0,0.0,0.0,0.0,0.0,0.0,0.0,0.0,0.0,0.0,0.0,0.0,0.0,0.0,0.0
