cancer type,MEN1,ATRX,CTNNB1,TP53,PRKAR1A,RXRA,CUL1,NFE2L2,STAG2,EP300,FAT1,FOXA1,ATM,ELF3,FOXQ1,ARID1A,ERBB3,PIK3CA,ASXL2,KRAS,TXNIP,ZFP36L1,HRAS,RHOB,CREBBP,NRAS,ERBB2,KANSL1,KDM6A,PSIP1,FGFR3,CDKN2A,SF1,GNA13,ERCC2,DIAPH2,SF3B1,PTEN,RB1,KMT2D,CDKN1A,RHOA,TSC1,SPTAN1,KLF5,RBM10,FBXW7,KMT2C,TBX3,CDKN1B,NF1,PTPRD,CBFB,CHD4,PIK3R1,GATA3,CTCF,MAP3K1,AKT1,MAP2K4,CDH1,GPS2,CASP8,NCOR1,BRCA1,RUNX1,HLA-B,SMAD4,NOTCH1,POLRMT,STK11,TGFBR2,MAPK1,LATS1,IDH1,EPHA2,PBRM1,BAP1,TGIF1,APC,ACVR2A,AMER1,PCBP1,BRAF,SOX9,TCF7L2,ZFP36L2,SMAD2,GNAS,CARD11,CD70,TNFAIP3,TMSB4X,BTG2,HIST1H1E,PIM1,CD79B,MYD88,B2M,NSD1,PTCH1,ZNF750,TCF12,EGFR,LZTR1,SPTA1,KEL,PDGFRA,GABRA6,CYLD,MYH9,FLNA,HUWE1,AJUBA,KEAP1,RAC1,ARID2,CUL3,RASA1,HLA-A,SETD2,MTOR,VHL,KDM5C,KIF1A,TCEB1,SMARCB1,MET,NF2,SMC1A,KIT,U2AF1,PTPDC1,NPM1,DNMT3A,PTPN11,ASXL1,IDH2,FLT3,WT1,CIC,ZBTB20,FUBP1,NIPBL,MAX,SMARCA4,ZCCHC12,PLCG1,NUP133,ALB,BRD7,APOB,TSC2,AXIN1,XPO1,WHSC1,CREB3L3,IL6ST,DHX9,RPS6KA3,EEF1A1,MGA,RIT1,FGFR2,ARHGAP35,LATS2,CDK12,ZNF133,RNF43,EEF2,RET,CSDE1,EPAS1,MED12,ZMYM3,SPOP,DACH1,COL5A1,PPP6C,MAP2K1,CDK4,RQCD1,MECOM,DDX3X,GNA11,PTMA,PPM1D,EIF1AX,NUP93,GTF2I,CHD3,MSH6,BCOR,ARID5B,CCND1,ACVR1,PDS5B,DICER1,SIN3A,MYCN,ZFHX3,FOXA2,ATR,KMT2B,PIK3R2,TAF1,RPL22,PPP2R1A,ZMYM2,SCAF4,INPPL1,CTNND1,SOS1,RRAS2,SOX17,ATF7IP,RFC1,BCL2L11,MAP3K4,ZBTB7B,PLCB4,GNAQ,SRSF2,CYSLTR2
ACC,0.11764705882352941,0.11764705882352941,0.058823529411764705,0.058823529411764705,0.058823529411764705,0.0,0.0,0.0,0.0,0.0,0.058823529411764705,0.0,0.0,0.0,0.0,0.0,0.0,0.0,0.0,0.0,0.0,0.058823529411764705,0.0,0.0,0.058823529411764705,0.0,0.0,0.058823529411764705,0.0,0.0,0.0,0.0,0.0,0.0,0.0,0.058823529411764705,0.058823529411764705,0.0,0.0,0.0,0.0,0.0,0.0,0.0,0.0,0.0,0.0,0.058823529411764705,0.0,0.0,0.058823529411764705,0.058823529411764705,0.0,0.0,0.0,0.058823529411764705,0.0,0.0,0.0,0.0,0.0,0.0,0.0,0.0,0.0,0.0,0.0,0.0,0.0,0.0,0.058823529411764705,0.0,0.0,0.0,0.0,0.0,0.058823529411764705,0.0,0.0,0.0,0.0,0.0,0.0,0.058823529411764705,0.0,0.0,0.0,0.0,0.11764705882352941,0.0,0.0,0.0,0.0,0.0,0.0,0.0,0.0,0.0,0.0,0.0,0.0,0.0,0.0,0.058823529411764705,0.0,0.058823529411764705,0.058823529411764705,0.0,0.0,0.0,0.0,0.0,0.11764705882352941,0.0,0.058823529411764705,0.0,0.0,0.058823529411764705,0.0,0.0,0.058823529411764705,0.0,0.0,0.0,0.0,0.0,0.0,0.0,0.0,0.0,0.0,0.0,0.058823529411764705,0.0,0.0,0.0,0.0,0.0,0.0,0.0,0.058823529411764705,0.0,0.0,0.0,0.0,0.0,0.0,0.0,0.0,0.0,0.0,0.058823529411764705,0.0,0.0,0.0,0.0,0.058823529411764705,0.0,0.0,0.0,0.0,0.0,0.0,0.0,0.0,0.0,0.0,0.0,0.0,0.0,0.0,0.0,0.0,0.058823529411764705,0.0,0.0,0.0,0.0,0.0,0.0,0.0,0.0,0.0,0.0,0.0,0.0,0.0,0.0,0.0,0.0,0.0,0.0,0.0,0.058823529411764705,0.0,0.058823529411764705,0.058823529411764705,0.0,0.0,0.0,0.0,0.0,0.0,0.0,0.0,0.058823529411764705,0.0,0.0,0.0,0.058823529411764705,0.0,0.0,0.0,0.0,0.0,0.0,0.0,0.0,0.0,0.0,0.058823529411764705,0.0,0.0,0.0
BLCA,0.0,0.08450704225352113,0.014084507042253521,0.408450704225352,0.0,0.028169014084507043,0.07042253521126761,0.04225352112676056,0.11267605633802817,0.14084507042253522,0.056338028169014086,0.0,0.1267605633802817,0.08450704225352113,0.014084507042253521,0.16901408450704228,0.1267605633802817,0.1971830985915493,0.04225352112676056,0.056338028169014086,0.028169014084507043,0.028169014084507043,0.056338028169014086,0.056338028169014086,0.11267605633802817,0.028169014084507043,0.14084507042253522,0.056338028169014086,0.22535211267605637,0.04225352112676056,0.15492957746478875,0.056338028169014086,0.028169014084507043,0.04225352112676056,0.09859154929577466,0.028169014084507043,0.028169014084507043,0.0,0.11267605633802817,0.1971830985915493,0.028169014084507043,0.056338028169014086,0.04225352112676056,0.056338028169014086,0.028169014084507043,0.04225352112676056,0.04225352112676056,0.18309859154929578,0.028169014084507043,0.014084507042253521,0.09859154929577464,0.09859154929577466,0.0,0.04225352112676056,0.014084507042253521,0.0,0.056338028169014086,0.028169014084507043,0.028169014084507043,0.014084507042253521,0.056338028169014086,0.014084507042253521,0.04225352112676056,0.08450704225352113,0.056338028169014086,0.028169014084507043,0.014084507042253521,0.014084507042253521,0.028169014084507043,0.0,0.0,0.014084507042253521,0.0,0.028169014084507043,0.014084507042253521,0.056338028169014086,0.07042253521126761,0.028169014084507043,0.0,0.028169014084507043,0.0,0.028169014084507043,0.014084507042253521,0.014084507042253521,0.0,0.0,0.04225352112676056,0.0,0.014084507042253521,0.014084507042253521,0.014084507042253521,0.028169014084507043,0.0,0.014084507042253521,0.0,0.0,0.0,0.0,0.0,0.014084507042253521,0.08450704225352113,0.04225352112676056,0.0,0.014084507042253521,0.04225352112676056,0.1267605633802817,0.014084507042253521,0.014084507042253521,0.04225352112676056,0.014084507042253521,0.056338028169014086,0.04225352112676056,0.07042253521126761,0.028169014084507043,0.014084507042253521,0.014084507042253521,0.04225352112676056,0.014084507042253521,0.028169014084507043,0.0,0.056338028169014086,0.028169014084507043,0.0,0.014084507042253521,0.028169014084507043,0.0,0.0,0.028169014084507043,0.014084507042253521,0.04225352112676056,0.014084507042253521,0.0,0.028169014084507043,0.0,0.04225352112676056,0.014084507042253521,0.07042253521126761,0.014084507042253521,0.0,0.0,0.028169014084507043,0.0,0.0,0.028169014084507043,0.0,0.08450704225352113,0.0,0.04225352112676056,0.014084507042253521,0.04225352112676056,0.014084507042253521,0.07042253521126761,0.0,0.0,0.014084507042253521,0.04225352112676056,0.028169014084507043,0.04225352112676056,0.07042253521126761,0.014084507042253521,0.0,0.056338028169014086,0.0,0.014084507042253521,0.014084507042253521,0.028169014084507043,0.056338028169014086,0.028169014084507043,0.0,0.0,0.014084507042253521,0.014084507042253521,0.014084507042253521,0.056338028169014086,0.014084507042253521,0.014084507042253521,0.056338028169014086,0.014084507042253521,0.0,0.0,0.0,0.0,0.04225352112676056,0.028169014084507043,0.0,0.0,0.028169014084507043,0.0,0.014084507042253521,0.028169014084507043,0.0,0.014084507042253521,0.014084507042253521,0.056338028169014086,0.014084507042253521,0.04225352112676056,0.04225352112676056,0.028169014084507043,0.028169014084507043,0.014084507042253521,0.056338028169014086,0.0,0.09859154929577466,0.07042253521126761,0.0,0.014084507042253521,0.0,0.014084507042253521,0.028169014084507043,0.07042253521126761,0.014084507042253521,0.0,0.04225352112676056,0.0,0.014084507042253521,0.014084507042253521,0.014084507042253521,0.014084507042253521,0.08450704225352113,0.04225352112676056,0.028169014084507043,0.0,0.028169014084507043,0.0
BRCA,0.0,0.011904761904761904,0.0,0.25595238095238093,0.0,0.0,0.0,0.0,0.005952380952380952,0.0,0.005952380952380952,0.023809523809523808,0.005952380952380952,0.0,0.0,0.017857142857142856,0.005952380952380952,0.2857142857142857,0.011904761904761904,0.005952380952380952,0.0,0.005952380952380952,0.005952380952380952,0.0,0.005952380952380952,0.0,0.011904761904761904,0.0,0.005952380952380952,0.005952380952380952,0.0,0.0,0.005952380952380952,0.0,0.0,0.0,0.023809523809523808,0.023809523809523808,0.005952380952380952,0.023809523809523808,0.0,0.005952380952380952,0.005952380952380952,0.011904761904761904,0.0,0.0,0.011904761904761904,0.041666666666666664,0.005952380952380952,0.0,0.017857142857142856,0.011904761904761904,0.023809523809523808,0.017857142857142856,0.005952380952380952,0.017857142857142856,0.011904761904761904,0.03571428571428571,0.041666666666666664,0.017857142857142856,0.07142857142857142,0.005952380952380952,0.011904761904761904,0.041666666666666664,0.023809523809523808,0.0,0.005952380952380952,0.005952380952380952,0.005952380952380952,0.005952380952380952,0.005952380952380952,0.005952380952380952,0.0,0.0,0.0,0.0,0.0,0.0,0.0,0.005952380952380952,0.0,0.005952380952380952,0.005952380952380952,0.0,0.005952380952380952,0.0,0.0,0.0,0.0,0.005952380952380952,0.0,0.0,0.0,0.0,0.0,0.0,0.0,0.0,0.0,0.017857142857142856,0.005952380952380952,0.0,0.011904761904761904,0.005952380952380952,0.005952380952380952,0.017857142857142856,0.0,0.0,0.0,0.0,0.005952380952380952,0.005952380952380952,0.023809523809523808,0.0,0.0,0.0,0.011904761904761904,0.0,0.005952380952380952,0.0,0.005952380952380952,0.005952380952380952,0.0,0.0,0.005952380952380952,0.0,0.0,0.005952380952380952,0.005952380952380952,0.005952380952380952,0.005952380952380952,0.0,0.0,0.0,0.005952380952380952,0.005952380952380952,0.005952380952380952,0.0,0.0,0.005952380952380952,0.005952380952380952,0.0,0.0,0.011904761904761904,0.0,0.011904761904761904,0.0,0.005952380952380952,0.005952380952380952,0.0,0.0,0.023809523809523808,0.005952380952380952,0.011904761904761904,0.005952380952380952,0.005952380952380952,0.0,0.0,0.011904761904761904,0.005952380952380952,0.005952380952380952,0.011904761904761904,0.0,0.011904761904761904,0.005952380952380952,0.0,0.005952380952380952,0.0,0.011904761904761904,0.011904761904761904,0.0,0.0,0.0,0.011904761904761904,0.011904761904761904,0.0,0.0,0.011904761904761904,0.0,0.0,0.0,0.0,0.005952380952380952,0.005952380952380952,0.0,0.0,0.0,0.005952380952380952,0.0,0.0,0.0,0.0,0.005952380952380952,0.0,0.0,0.0,0.0,0.0,0.011904761904761904,0.005952380952380952,0.005952380952380952,0.0,0.0,0.011904761904761904,0.0,0.005952380952380952,0.0,0.0,0.0,0.0,0.0,0.005952380952380952,0.0,0.0,0.0,0.0,0.0,0.005952380952380952,0.017857142857142856,0.005952380952380952,0.0,0.0,0.0,0.005952380952380952
CESC,0.0,0.020833333333333332,0.0,0.041666666666666664,0.0,0.020833333333333332,0.041666666666666664,0.0625,0.0,0.12499999999999999,0.0625,0.0,0.020833333333333332,0.020833333333333332,0.0,0.041666666666666664,0.041666666666666664,0.22916666666666666,0.041666666666666664,0.0,0.0,0.0,0.020833333333333332,0.0,0.08333333333333333,0.020833333333333332,0.020833333333333332,0.020833333333333332,0.020833333333333332,0.0,0.0,0.020833333333333332,0.020833333333333332,0.0,0.0,0.020833333333333332,0.0,0.041666666666666664,0.041666666666666664,0.08333333333333333,0.020833333333333332,0.0,0.0,0.0,0.020833333333333332,0.041666666666666664,0.125,0.16666666666666666,0.0,0.0,0.020833333333333332,0.020833333333333332,0.0,0.041666666666666664,0.0625,0.0,0.020833333333333332,0.020833333333333332,0.0,0.0,0.041666666666666664,0.020833333333333332,0.041666666666666664,0.020833333333333332,0.0625,0.0,0.041666666666666664,0.020833333333333332,0.08333333333333333,0.020833333333333332,0.020833333333333332,0.041666666666666664,0.041666666666666664,0.0,0.0,0.0625,0.020833333333333332,0.0,0.0,0.020833333333333332,0.020833333333333332,0.0,0.0,0.020833333333333332,0.0,0.020833333333333332,0.020833333333333332,0.0,0.0,0.020833333333333332,0.0,0.0,0.020833333333333332,0.0,0.0,0.0,0.0,0.0,0.020833333333333332,0.041666666666666664,0.0,0.0,0.0,0.0,0.020833333333333332,0.0625,0.0,0.0,0.0,0.020833333333333332,0.041666666666666664,0.020833333333333332,0.08333333333333333,0.0,0.0,0.0,0.0625,0.0,0.020833333333333332,0.08333333333333333,0.041666666666666664,0.020833333333333332,0.0,0.020833333333333332,0.0,0.0,0.020833333333333332,0.020833333333333332,0.020833333333333332,0.020833333333333332,0.0,0.0,0.0,0.0,0.0,0.0,0.020833333333333332,0.0,0.020833333333333332,0.0,0.0625,0.041666666666666664,0.0,0.020833333333333332,0.0,0.0,0.0,0.0,0.0,0.0,0.0,0.041666666666666664,0.020833333333333332,0.0,0.020833333333333332,0.0,0.0,0.0,0.020833333333333332,0.020833333333333332,0.0,0.0625,0.020833333333333332,0.020833333333333332,0.041666666666666664,0.0,0.0,0.0,0.0,0.020833333333333332,0.0,0.0,0.020833333333333332,0.0,0.0,0.0,0.0,0.020833333333333332,0.0,0.020833333333333332,0.0,0.0,0.0,0.0,0.0,0.0,0.020833333333333332,0.041666666666666664,0.020833333333333332,0.0,0.041666666666666664,0.020833333333333332,0.041666666666666664,0.0,0.0,0.0,0.041666666666666664,0.0,0.020833333333333332,0.0,0.041666666666666664,0.020833333333333332,0.0625,0.041666666666666664,0.0,0.041666666666666664,0.0,0.0,0.020833333333333332,0.0,0.0,0.020833333333333332,0.0,0.0,0.0,0.0625,0.0,0.0,0.041666666666666664,0.0,0.020833333333333332,0.0,0.020833333333333332,0.020833333333333332
CHOL,0.0,0.0,0.0,0.0,0.0,0.0,0.0,0.0,0.0,0.0,0.0,0.0,0.0,0.0,0.0,0.0,0.0,0.0,0.0,0.0,0.0,0.0,0.0,0.0,0.0,0.0,0.1111111111111111,0.0,0.0,0.0,0.0,0.0,0.0,0.0,0.0,0.0,0.0,0.0,0.0,0.0,0.0,0.0,0.0,0.1111111111111111,0.0,0.0,0.0,0.0,0.0,0.0,0.0,0.0,0.0,0.0,0.0,0.0,0.0,0.0,0.0,0.0,0.0,0.0,0.0,0.0,0.0,0.0,0.0,0.0,0.0,0.0,0.0,0.0,0.0,0.0,0.0,0.0,0.1111111111111111,0.1111111111111111,0.0,0.0,0.0,0.0,0.0,0.0,0.0,0.0,0.0,0.0,0.0,0.0,0.0,0.0,0.0,0.0,0.0,0.0,0.0,0.0,0.0,0.0,0.0,0.0,0.0,0.0,0.0,0.0,0.0,0.0,0.0,0.0,0.0,0.0,0.0,0.0,0.0,0.0,0.0,0.0,0.0,0.0,0.0,0.0,0.0,0.0,0.0,0.0,0.0,0.0,0.0,0.0,0.0,0.0,0.0,0.0,0.0,0.0,0.0,0.0,0.0,0.0,0.0,0.0,0.0,0.0,0.0,0.0,0.0,0.0,0.1111111111111111,0.0,0.0,0.0,0.0,0.0,0.0,0.0,0.0,0.0,0.0,0.0,0.0,0.0,0.0,0.0,0.0,0.0,0.0,0.0,0.0,0.0,0.0,0.0,0.0,0.0,0.0,0.0,0.0,0.0,0.0,0.0,0.0,0.0,0.0,0.0,0.0,0.0,0.0,0.0,0.0,0.0,0.0,0.0,0.0,0.0,0.0,0.0,0.0,0.0,0.0,0.0,0.0,0.0,0.0,0.0,0.0,0.0,0.0,0.0,0.0,0.0,0.0,0.0,0.0,0.0,0.0,0.0,0.0,0.0,0.0,0.0,0.0,0.1111111111111111,0.0,0.0
COAD,0.014492753623188406,0.028985507246376812,0.057971014492753624,0.5652173913043477,0.0,0.0,0.014492753623188406,0.0,0.028985507246376812,0.028985507246376812,0.10144927536231885,0.0,0.07246376811594203,0.0,0.0,0.043478260869565216,0.028985507246376812,0.2173913043478261,0.0,0.4057971014492754,0.0,0.014492753623188406,0.0,0.0,0.07246376811594203,0.07246376811594203,0.014492753623188406,0.0,0.014492753623188406,0.0,0.028985507246376812,0.0,0.014492753623188406,0.0,0.0,0.014492753623188406,0.0,0.043478260869565216,0.028985507246376812,0.07246376811594203,0.0,0.0,0.028985507246376812,0.0,0.0,0.028985507246376812,0.18840579710144928,0.057971014492753624,0.043478260869565216,0.014492753623188406,0.07246376811594203,0.028985507246376812,0.0,0.07246376811594203,0.0,0.014492753623188406,0.014492753623188406,0.028985507246376812,0.014492753623188406,0.028985507246376812,0.0,0.0,0.014492753623188406,0.057971014492753624,0.014492753623188406,0.028985507246376812,0.0,0.043478260869565216,0.014492753623188406,0.028985507246376812,0.0,0.043478260869565216,0.0,0.014492753623188406,0.0,0.014492753623188406,0.014492753623188406,0.0,0.014492753623188406,0.5652173913043477,0.07246376811594203,0.014492753623188406,0.0,0.10144927536231885,0.07246376811594203,0.014492753623188406,0.0,0.057971014492753624,0.028985507246376812,0.014492753623188406,0.0,0.014492753623188406,0.0,0.0,0.0,0.0,0.014492753623188406,0.014492753623188406,0.043478260869565216,0.028985507246376812,0.014492753623188406,0.0,0.0,0.0,0.014492753623188406,0.057971014492753624,0.043478260869565216,0.043478260869565216,0.028985507246376812,0.028985507246376812,0.07246376811594203,0.043478260869565216,0.057971014492753624,0.0,0.014492753623188406,0.0,0.07246376811594203,0.014492753623188406,0.0,0.014492753623188406,0.043478260869565216,0.07246376811594203,0.0,0.014492753623188406,0.028985507246376812,0.0,0.0,0.028985507246376812,0.028985507246376812,0.028985507246376812,0.07246376811594203,0.0,0.014492753623188406,0.0,0.0,0.0,0.043478260869565216,0.014492753623188406,0.0,0.0,0.014492753623188406,0.043478260869565216,0.014492753623188406,0.043478260869565216,0.0,0.043478260869565216,0.014492753623188406,0.014492753623188406,0.028985507246376812,0.014492753623188406,0.028985507246376812,0.014492753623188406,0.0,0.0,0.014492753623188406,0.014492753623188406,0.0,0.028985507246376812,0.057971014492753624,0.014492753623188406,0.0,0.057971014492753624,0.0,0.014492753623188406,0.014492753623188406,0.028985507246376812,0.043478260869565216,0.014492753623188406,0.014492753623188406,0.014492753623188406,0.014492753623188406,0.028985507246376812,0.014492753623188406,0.028985507246376812,0.0,0.014492753623188406,0.014492753623188406,0.028985507246376812,0.028985507246376812,0.014492753623188406,0.0,0.014492753623188406,0.014492753623188406,0.0,0.014492753623188406,0.0,0.0,0.0,0.0,0.0,0.028985507246376812,0.028985507246376812,0.014492753623188406,0.0,0.014492753623188406,0.0,0.014492753623188406,0.028985507246376812,0.014492753623188406,0.0,0.08695652173913043,0.014492753623188406,0.014492753623188406,0.057971014492753624,0.0,0.057971014492753624,0.0,0.043478260869565216,0.0,0.07246376811594203,0.028985507246376812,0.0,0.0,0.0,0.028985507246376812,0.014492753623188406,0.028985507246376812,0.0,0.043478260869565216,0.028985507246376812,0.043478260869565216,0.028985507246376812,0.0,0.014492753623188406
DLBC,0.0,0.0,0.0,0.14285714285714285,0.0,0.0,0.0,0.0,0.0,0.0,0.0,0.0,0.0,0.0,0.0,0.0,0.0,0.0,0.0,0.0,0.0,0.0,0.0,0.0,0.0,0.0,0.0,0.0,0.0,0.0,0.0,0.0,0.0,0.0,0.0,0.0,0.0,0.0,0.0,0.2857142857142857,0.0,0.14285714285714285,0.0,0.0,0.0,0.0,0.0,0.0,0.0,0.0,0.14285714285714285,0.0,0.14285714285714285,0.0,0.0,0.0,0.0,0.0,0.0,0.0,0.0,0.0,0.0,0.0,0.14285714285714285,0.0,0.0,0.0,0.0,0.0,0.0,0.0,0.0,0.0,0.0,0.14285714285714285,0.14285714285714285,0.0,0.0,0.0,0.0,0.0,0.0,0.14285714285714285,0.0,0.0,0.0,0.0,0.0,0.42857142857142855,0.0,0.0,0.0,0.2857142857142857,0.2857142857142857,0.0,0.0,0.14285714285714285,0.2857142857142857,0.0,0.0,0.0,0.0,0.0,0.0,0.0,0.0,0.0,0.0,0.0,0.0,0.0,0.0,0.0,0.0,0.0,0.14285714285714285,0.0,0.0,0.0,0.0,0.0,0.0,0.0,0.0,0.0,0.0,0.0,0.0,0.0,0.0,0.0,0.0,0.0,0.0,0.0,0.0,0.0,0.0,0.0,0.0,0.0,0.0,0.0,0.0,0.0,0.0,0.0,0.0,0.0,0.0,0.0,0.0,0.0,0.0,0.14285714285714285,0.0,0.0,0.0,0.0,0.0,0.0,0.0,0.0,0.0,0.0,0.0,0.0,0.0,0.0,0.0,0.0,0.0,0.14285714285714285,0.0,0.0,0.0,0.0,0.0,0.0,0.0,0.0,0.0,0.14285714285714285,0.0,0.0,0.0,0.0,0.0,0.0,0.14285714285714285,0.0,0.0,0.0,0.0,0.0,0.0,0.0,0.0,0.0,0.0,0.0,0.0,0.0,0.0,0.0,0.0,0.0,0.0,0.0,0.0,0.0,0.0,0.0,0.0,0.0,0.0,0.0,0.0,0.0,0.0,0.0,0.0,0.0
ESCA,0.0,0.0,0.06060606060606061,0.6060606060606061,0.0,0.0,0.0,0.030303030303030304,0.030303030303030304,0.030303030303030304,0.0,0.0,0.030303030303030304,0.030303030303030304,0.0,0.030303030303030304,0.0,0.06060606060606061,0.0,0.0,0.0,0.0,0.0,0.0,0.0,0.0,0.06060606060606061,0.0,0.06060606060606061,0.0,0.0,0.12121212121212122,0.0,0.030303030303030304,0.0,0.06060606060606061,0.0,0.0,0.030303030303030304,0.09090909090909091,0.0,0.030303030303030304,0.030303030303030304,0.0,0.0,0.0,0.06060606060606061,0.09090909090909091,0.0,0.0,0.0,0.030303030303030304,0.0,0.030303030303030304,0.0,0.030303030303030304,0.0,0.030303030303030304,0.0,0.0,0.0,0.0,0.0,0.0,0.0,0.0,0.030303030303030304,0.030303030303030304,0.09090909090909091,0.0,0.0,0.030303030303030304,0.0,0.0,0.030303030303030304,0.0,0.0,0.0,0.0,0.030303030303030304,0.0,0.0,0.0,0.0,0.0,0.0,0.0,0.0,0.06060606060606061,0.0,0.0,0.0,0.0,0.0,0.0,0.0,0.0,0.0,0.0,0.030303030303030304,0.030303030303030304,0.030303030303030304,0.0,0.06060606060606061,0.030303030303030304,0.18181818181818182,0.0,0.0,0.030303030303030304,0.0,0.06060606060606061,0.0,0.09090909090909091,0.0,0.0,0.0,0.0,0.030303030303030304,0.030303030303030304,0.0,0.030303030303030304,0.030303030303030304,0.0,0.0,0.0,0.0,0.0,0.0,0.0,0.0,0.030303030303030304,0.0,0.0,0.0,0.0,0.0,0.0,0.0,0.030303030303030304,0.0,0.0,0.06060606060606061,0.0,0.06060606060606061,0.0,0.06060606060606061,0.0,0.030303030303030304,0.0,0.0,0.0,0.06060606060606061,0.030303030303030304,0.030303030303030304,0.0,0.0,0.0,0.0,0.030303030303030304,0.0,0.0,0.0,0.0,0.0,0.030303030303030304,0.030303030303030304,0.030303030303030304,0.0,0.0,0.0,0.0,0.0,0.0,0.0,0.030303030303030304,0.030303030303030304,0.030303030303030304,0.030303030303030304,0.0,0.030303030303030304,0.0,0.0,0.0,0.0,0.0,0.0,0.030303030303030304,0.0,0.030303030303030304,0.0,0.06060606060606061,0.030303030303030304,0.0,0.0,0.0,0.0,0.06060606060606061,0.030303030303030304,0.0,0.0,0.0,0.0,0.030303030303030304,0.030303030303030304,0.030303030303030304,0.030303030303030304,0.0,0.030303030303030304,0.0,0.0,0.0,0.030303030303030304,0.0,0.0,0.06060606060606061,0.0,0.0,0.0,0.0,0.0,0.0,0.0,0.0,0.0
GBM,0.0,0.046153846153846156,0.0,0.3230769230769231,0.0,0.015384615384615385,0.015384615384615385,0.0,0.0,0.0,0.0,0.0,0.0,0.0,0.0,0.0,0.0,0.07692307692307693,0.0,0.0,0.0,0.0,0.0,0.0,0.015384615384615385,0.03076923076923077,0.0,0.0,0.0,0.0,0.015384615384615385,0.0,0.0,0.0,0.0,0.03076923076923077,0.0,0.2923076923076923,0.06153846153846154,0.015384615384615385,0.0,0.0,0.0,0.0,0.015384615384615385,0.0,0.015384615384615385,0.0,0.015384615384615385,0.0,0.07692307692307693,0.0,0.0,0.0,0.03076923076923077,0.0,0.0,0.046153846153846156,0.0,0.0,0.0,0.0,0.0,0.0,0.0,0.0,0.0,0.0,0.0,0.0,0.0,0.0,0.015384615384615385,0.0,0.06153846153846154,0.0,0.0,0.0,0.0,0.015384615384615385,0.0,0.0,0.0,0.015384615384615385,0.0,0.0,0.0,0.0,0.0,0.015384615384615385,0.0,0.0,0.0,0.0,0.0,0.0,0.0,0.0,0.0,0.015384615384615385,0.0,0.0,0.015384615384615385,0.23076923076923078,0.0,0.06153846153846154,0.06153846153846154,0.046153846153846156,0.046153846153846156,0.0,0.0,0.015384615384615385,0.03076923076923077,0.0,0.015384615384615385,0.0,0.0,0.0,0.0,0.0,0.0,0.015384615384615385,0.0,0.0,0.0,0.0,0.0,0.0,0.0,0.0,0.0,0.0,0.0,0.0,0.0,0.03076923076923077,0.0,0.0,0.015384615384615385,0.015384615384615385,0.0,0.0,0.0,0.0,0.015384615384615385,0.015384615384615385,0.0,0.015384615384615385,0.0,0.0,0.0,0.03076923076923077,0.0,0.0,0.0,0.0,0.03076923076923077,0.0,0.0,0.0,0.015384615384615385,0.0,0.0,0.0,0.0,0.0,0.0,0.0,0.0,0.015384615384615385,0.0,0.0,0.0,0.015384615384615385,0.015384615384615385,0.0,0.0,0.0,0.0,0.0,0.0,0.0,0.015384615384615385,0.0,0.0,0.0,0.0,0.0,0.0,0.0,0.0,0.015384615384615385,0.03076923076923077,0.0,0.0,0.0,0.015384615384615385,0.0,0.015384615384615385,0.0,0.0,0.0,0.015384615384615385,0.015384615384615385,0.0,0.0,0.0,0.0,0.0,0.015384615384615385,0.0,0.0,0.015384615384615385,0.0,0.015384615384615385,0.015384615384615385,0.0,0.0,0.0,0.015384615384615385,0.0,0.0,0.0,0.0
HNSC,0.011627906976744186,0.03488372093023256,0.011627906976744186,0.558139534883721,0.0,0.0,0.023255813953488372,0.06976744186046512,0.011627906976744186,0.023255813953488372,0.2558139534883721,0.0,0.011627906976744186,0.0,0.0,0.011627906976744186,0.03488372093023256,0.13953488372093023,0.023255813953488372,0.0,0.0,0.011627906976744186,0.05813953488372093,0.0,0.046511627906976744,0.0,0.023255813953488372,0.023255813953488372,0.03488372093023256,0.023255813953488372,0.023255813953488372,0.13953488372093023,0.011627906976744186,0.011627906976744186,0.0,0.011627906976744186,0.0,0.023255813953488372,0.0,0.13953488372093023,0.0,0.011627906976744186,0.011627906976744186,0.046511627906976744,0.0,0.0,0.05813953488372093,0.03488372093023256,0.0,0.0,0.0,0.0,0.0,0.023255813953488372,0.0,0.0,0.03488372093023256,0.011627906976744186,0.011627906976744186,0.011627906976744186,0.0,0.0,0.10465116279069767,0.03488372093023256,0.011627906976744186,0.0,0.03488372093023256,0.023255813953488372,0.11627906976744184,0.023255813953488372,0.0,0.023255813953488372,0.05813953488372093,0.023255813953488372,0.011627906976744186,0.023255813953488372,0.023255813953488372,0.0,0.0,0.03488372093023256,0.0,0.0,0.0,0.011627906976744186,0.011627906976744186,0.0,0.011627906976744186,0.011627906976744186,0.011627906976744186,0.011627906976744186,0.0,0.0,0.0,0.0,0.0,0.0,0.0,0.0,0.0,0.08139534883720931,0.03488372093023256,0.03488372093023256,0.011627906976744186,0.03488372093023256,0.011627906976744186,0.05813953488372093,0.023255813953488372,0.023255813953488372,0.0,0.023255813953488372,0.011627906976744186,0.05813953488372093,0.08139534883720931,0.03488372093023256,0.03488372093023256,0.023255813953488372,0.03488372093023256,0.023255813953488372,0.03488372093023256,0.046511627906976744,0.03488372093023256,0.03488372093023256,0.0,0.0,0.0,0.0,0.0,0.011627906976744186,0.023255813953488372,0.011627906976744186,0.023255813953488372,0.0,0.0,0.0,0.011627906976744186,0.0,0.023255813953488372,0.0,0.0,0.0,0.0,0.0,0.011627906976744186,0.03488372093023256,0.011627906976744186,0.05813953488372093,0.011627906976744186,0.011627906976744186,0.0,0.011627906976744186,0.0,0.03488372093023256,0.0,0.011627906976744186,0.011627906976744186,0.023255813953488372,0.0,0.0,0.011627906976744186,0.0,0.023255813953488372,0.011627906976744186,0.0,0.011627906976744186,0.06976744186046512,0.023255813953488372,0.0,0.0,0.011627906976744186,0.011627906976744186,0.011627906976744186,0.0,0.0,0.0,0.011627906976744186,0.011627906976744186,0.023255813953488372,0.011627906976744186,0.011627906976744186,0.011627906976744186,0.023255813953488372,0.0,0.0,0.011627906976744186,0.0,0.0,0.0,0.0,0.023255813953488372,0.011627906976744186,0.011627906976744186,0.0,0.0,0.011627906976744186,0.0,0.011627906976744186,0.0,0.0,0.0,0.0,0.023255813953488372,0.0,0.03488372093023256,0.011627906976744186,0.0,0.023255813953488372,0.0,0.023255813953488372,0.0,0.011627906976744186,0.0,0.0,0.0,0.0,0.0,0.023255813953488372,0.0,0.0,0.023255813953488372,0.0,0.011627906976744186,0.0,0.011627906976744186,0.0
KICH,0.0,0.0,0.0,0.18181818181818182,0.0,0.0,0.0,0.0,0.0,0.0,0.0,0.0,0.0,0.0,0.0,0.0,0.0,0.0,0.0,0.0,0.0,0.0,0.0,0.0,0.0,0.0,0.0,0.0,0.0,0.0,0.0,0.0,0.0,0.0,0.0,0.0,0.0,0.09090909090909091,0.0,0.09090909090909091,0.0,0.0,0.0,0.0,0.0,0.09090909090909091,0.0,0.0,0.0,0.0,0.0,0.0,0.0,0.0,0.0,0.0,0.0,0.0,0.0,0.0,0.0,0.0,0.0,0.0,0.0,0.0,0.0,0.0,0.0,0.0,0.0,0.0,0.0,0.0,0.0,0.0,0.0,0.0,0.0,0.0,0.0,0.0,0.0,0.0,0.0,0.0,0.0,0.0,0.0,0.0,0.0,0.0,0.0,0.0,0.0,0.0,0.0,0.0,0.0,0.0,0.0,0.0,0.0,0.0,0.0,0.0,0.0,0.0,0.0,0.0,0.0,0.0,0.0,0.0,0.0,0.0,0.0,0.0,0.09090909090909091,0.0,0.0,0.0,0.0,0.0,0.0,0.0,0.0,0.0,0.0,0.0,0.0,0.0,0.0,0.0,0.0,0.0,0.0,0.0,0.0,0.0,0.0,0.0,0.0,0.0,0.0,0.0,0.0,0.0,0.0,0.0,0.0,0.0,0.09090909090909091,0.0,0.0,0.0,0.0,0.0,0.0,0.0,0.0,0.0,0.0,0.0,0.0,0.0,0.0,0.0,0.0,0.0,0.0,0.0,0.0,0.0,0.0,0.0,0.0,0.0,0.0,0.0,0.0,0.0,0.0,0.0,0.0,0.0,0.0,0.0,0.0,0.0,0.0,0.0,0.0,0.0,0.0,0.0,0.0,0.0,0.0,0.0,0.0,0.0,0.0,0.0,0.0,0.0,0.0,0.0,0.0,0.0,0.0,0.0,0.0,0.0,0.0,0.0,0.0,0.0,0.0,0.0,0.0,0.0,0.0,0.0
KIRC,0.0,0.017857142857142856,0.0,0.0,0.0,0.0,0.0,0.0,0.0,0.0,0.017857142857142856,0.0,0.017857142857142856,0.0,0.0,0.0,0.0,0.0,0.017857142857142856,0.0,0.017857142857142856,0.0,0.0,0.017857142857142856,0.0,0.0,0.0,0.017857142857142856,0.0,0.0,0.0,0.0,0.0,0.017857142857142856,0.0,0.0,0.0,0.0,0.0,0.0,0.0,0.0,0.0,0.017857142857142856,0.0,0.0,0.0,0.03571428571428571,0.0,0.0,0.0,0.0,0.0,0.0,0.0,0.0,0.0,0.03571428571428571,0.0,0.0,0.0,0.0,0.0,0.0,0.017857142857142856,0.0,0.0,0.0,0.017857142857142856,0.0,0.0,0.0,0.0,0.0,0.017857142857142856,0.0,0.17857142857142858,0.07142857142857142,0.0,0.017857142857142856,0.0,0.017857142857142856,0.017857142857142856,0.0,0.017857142857142856,0.0,0.0,0.017857142857142856,0.0,0.0,0.0,0.0,0.0,0.0,0.0,0.0,0.0,0.0,0.0,0.0,0.0,0.0,0.017857142857142856,0.017857142857142856,0.0,0.017857142857142856,0.0,0.0,0.0,0.0,0.0,0.0,0.017857142857142856,0.0,0.0,0.0,0.0,0.0,0.0,0.0,0.07142857142857142,0.10714285714285714,0.30357142857142855,0.0,0.017857142857142856,0.0,0.0,0.017857142857142856,0.017857142857142856,0.0,0.0,0.0,0.0,0.0,0.017857142857142856,0.0,0.017857142857142856,0.0,0.0,0.0,0.0,0.017857142857142856,0.0,0.0,0.017857142857142856,0.03571428571428571,0.0,0.0,0.0,0.0,0.0,0.017857142857142856,0.0,0.0,0.0,0.0,0.0,0.0,0.0,0.0,0.0,0.0,0.0,0.0,0.03571428571428571,0.0,0.017857142857142856,0.0,0.0,0.0,0.0,0.0,0.0,0.0,0.0,0.0,0.0,0.03571428571428571,0.0,0.0,0.0,0.017857142857142856,0.0,0.0,0.0,0.0,0.0,0.0,0.0,0.0,0.0,0.017857142857142856,0.0,0.017857142857142856,0.0,0.0,0.017857142857142856,0.0,0.0,0.0,0.0,0.0,0.017857142857142856,0.0,0.0,0.0,0.0,0.0,0.017857142857142856,0.03571428571428571,0.0,0.017857142857142856,0.017857142857142856,0.0,0.0,0.017857142857142856,0.017857142857142856,0.0,0.03571428571428571,0.0,0.017857142857142856,0.0,0.0,0.0
KIRP,0.0,0.0,0.0196078431372549,0.0392156862745098,0.0,0.0,0.0196078431372549,0.0,0.0196078431372549,0.0196078431372549,0.0392156862745098,0.0,0.0,0.0196078431372549,0.0,0.058823529411764705,0.0,0.0392156862745098,0.0,0.0196078431372549,0.0,0.0,0.0,0.0,0.0,0.0196078431372549,0.0,0.0196078431372549,0.0392156862745098,0.0,0.0,0.0,0.0,0.0,0.0,0.0,0.0196078431372549,0.0196078431372549,0.0,0.0,0.0,0.0,0.0,0.0,0.0,0.0,0.0,0.0784313725490196,0.0,0.0,0.0196078431372549,0.0196078431372549,0.0,0.0,0.0,0.0,0.0196078431372549,0.0,0.0,0.0,0.0,0.0,0.0,0.0196078431372549,0.0,0.0,0.0,0.0196078431372549,0.0196078431372549,0.0,0.0,0.0,0.0,0.0,0.0,0.0,0.0392156862745098,0.0392156862745098,0.0,0.0,0.0,0.0392156862745098,0.0,0.0,0.0,0.0,0.0,0.0,0.0,0.0,0.0,0.0196078431372549,0.0,0.0,0.0,0.0,0.0,0.0,0.0,0.0,0.0,0.0,0.0,0.0,0.0392156862745098,0.0,0.0196078431372549,0.0,0.0,0.0,0.0196078431372549,0.0,0.0,0.0,0.0,0.0,0.0196078431372549,0.058823529411764705,0.0,0.0,0.058823529411764705,0.0392156862745098,0.0,0.0,0.0,0.0196078431372549,0.0,0.13725490196078433,0.0392156862745098,0.0196078431372549,0.0,0.0,0.0,0.0,0.0,0.0,0.0,0.0,0.0196078431372549,0.0,0.0,0.0,0.0,0.0,0.0,0.0392156862745098,0.0,0.0,0.0,0.0,0.0,0.0196078431372549,0.0196078431372549,0.0,0.0,0.0196078431372549,0.0196078431372549,0.0,0.0,0.0,0.0,0.0,0.0,0.0,0.0,0.0,0.0196078431372549,0.0,0.0,0.0,0.0,0.0,0.0,0.0,0.0,0.0,0.0,0.0,0.0,0.0,0.0,0.0,0.0,0.0,0.0,0.0,0.0196078431372549,0.0,0.0196078431372549,0.0196078431372549,0.0,0.0,0.0,0.0392156862745098,0.0,0.0,0.0,0.0,0.0,0.0,0.0196078431372549,0.0,0.0196078431372549,0.0,0.0,0.0,0.0,0.0196078431372549,0.0,0.0,0.0,0.0,0.0,0.0,0.0,0.0,0.0,0.0,0.0,0.0,0.0,0.0,0.0,0.0
LAML,0.0,0.0,0.0,0.0,0.0,0.0,0.0,0.0,0.0,0.0,0.0,0.0,0.05,0.0,0.0,0.0,0.0,0.0,0.0,0.1,0.05,0.0,0.0,0.0,0.0,0.0,0.0,0.0,0.05,0.0,0.0,0.0,0.0,0.0,0.0,0.05,0.0,0.0,0.0,0.0,0.0,0.0,0.0,0.0,0.0,0.0,0.0,0.0,0.0,0.0,0.0,0.0,0.0,0.0,0.0,0.0,0.0,0.0,0.0,0.0,0.0,0.05,0.0,0.0,0.0,0.05,0.0,0.0,0.0,0.0,0.0,0.0,0.0,0.0,0.05,0.0,0.0,0.0,0.05,0.0,0.0,0.05,0.0,0.0,0.0,0.0,0.0,0.0,0.0,0.0,0.0,0.0,0.0,0.0,0.0,0.0,0.0,0.0,0.0,0.0,0.0,0.0,0.0,0.0,0.0,0.0,0.0,0.0,0.0,0.0,0.0,0.0,0.0,0.0,0.0,0.0,0.0,0.0,0.0,0.0,0.05,0.0,0.0,0.0,0.0,0.0,0.0,0.0,0.0,0.15000000000000002,0.05,0.0,0.0,0.0,0.05,0.0,0.05,0.1,0.0,0.0,0.0,0.0,0.0,0.0,0.0,0.0,0.0,0.0,0.0,0.0,0.0,0.05,0.0,0.0,0.0,0.0,0.0,0.0,0.0,0.0,0.0,0.0,0.0,0.0,0.0,0.0,0.0,0.0,0.0,0.0,0.0,0.0,0.0,0.05,0.0,0.0,0.0,0.0,0.0,0.0,0.0,0.0,0.0,0.05,0.0,0.0,0.0,0.0,0.05,0.0,0.05,0.0,0.0,0.0,0.0,0.0,0.05,0.0,0.05,0.0,0.0,0.0,0.0,0.0,0.0,0.0,0.0,0.0,0.0,0.0,0.0,0.0,0.0,0.0,0.0,0.0,0.0,0.0,0.0,0.0,0.0,0.0,0.05,0.0
LGG,0.0,0.1411764705882353,0.011764705882352941,0.42352941176470593,0.023529411764705882,0.0,0.0,0.0,0.0,0.0,0.0,0.0,0.0,0.0,0.0,0.03529411764705882,0.0,0.08235294117647059,0.0,0.0,0.0,0.0,0.0,0.0,0.0,0.0,0.0,0.0,0.0,0.0,0.0,0.0,0.0,0.0,0.0,0.0,0.0,0.023529411764705882,0.0,0.011764705882352941,0.0,0.0,0.0,0.0,0.011764705882352941,0.0,0.0,0.011764705882352941,0.0,0.0,0.023529411764705882,0.0,0.0,0.011764705882352941,0.011764705882352941,0.0,0.0,0.0,0.0,0.0,0.0,0.0,0.011764705882352941,0.0,0.0,0.0,0.0,0.0,0.03529411764705882,0.0,0.0,0.0,0.0,0.0,0.8352941176470585,0.0,0.0,0.0,0.0,0.0,0.0,0.011764705882352941,0.0,0.0,0.0,0.0,0.0,0.0,0.0,0.0,0.0,0.0,0.0,0.0,0.0,0.0,0.0,0.0,0.0,0.0,0.0,0.0,0.0,0.0,0.0,0.011764705882352941,0.011764705882352941,0.011764705882352941,0.011764705882352941,0.0,0.0,0.0,0.03529411764705882,0.0,0.0,0.0,0.0,0.0,0.0,0.0,0.023529411764705882,0.0,0.0,0.0,0.011764705882352941,0.0,0.0,0.0,0.0,0.011764705882352941,0.0,0.0,0.0,0.0,0.011764705882352941,0.011764705882352941,0.0,0.023529411764705882,0.0,0.0,0.18823529411764706,0.047058823529411764,0.011764705882352941,0.023529411764705882,0.011764705882352941,0.011764705882352941,0.011764705882352941,0.011764705882352941,0.011764705882352941,0.0,0.0,0.023529411764705882,0.0,0.0,0.0,0.0,0.0,0.0,0.0,0.0,0.023529411764705882,0.023529411764705882,0.0,0.0,0.0,0.0,0.0,0.0,0.0,0.0,0.011764705882352941,0.0,0.0,0.023529411764705882,0.0,0.0,0.0,0.0,0.0,0.0,0.0,0.0,0.0,0.0,0.0,0.0,0.0,0.0,0.0,0.011764705882352941,0.0,0.0,0.011764705882352941,0.0,0.0,0.0,0.0,0.0,0.0,0.0,0.0,0.0,0.011764705882352941,0.0,0.0,0.0,0.0,0.0,0.011764705882352941,0.0,0.0,0.0,0.0,0.0,0.011764705882352941,0.0,0.0,0.0,0.0,0.0,0.0,0.0,0.0,0.0
LIHC,0.0,0.016129032258064516,0.2419354838709677,0.2258064516129032,0.0,0.016129032258064516,0.0,0.04838709677419355,0.0,0.03225806451612903,0.016129032258064516,0.0,0.0,0.0,0.0,0.06451612903225806,0.04838709677419355,0.03225806451612903,0.04838709677419355,0.03225806451612903,0.0,0.0,0.0,0.0,0.04838709677419355,0.0,0.0,0.016129032258064516,0.0,0.0,0.016129032258064516,0.03225806451612903,0.016129032258064516,0.0,0.016129032258064516,0.016129032258064516,0.0,0.0,0.04838709677419355,0.03225806451612903,0.0,0.0,0.0,0.016129032258064516,0.0,0.0,0.0,0.016129032258064516,0.0,0.016129032258064516,0.016129032258064516,0.016129032258064516,0.0,0.03225806451612903,0.0,0.0,0.0,0.0,0.0,0.0,0.0,0.0,0.0,0.0,0.016129032258064516,0.0,0.016129032258064516,0.0,0.016129032258064516,0.0,0.0,0.0,0.0,0.0,0.04838709677419355,0.016129032258064516,0.0,0.03225806451612903,0.0,0.03225806451612903,0.0,0.016129032258064516,0.0,0.0,0.016129032258064516,0.0,0.0,0.0,0.04838709677419355,0.03225806451612903,0.0,0.0,0.0,0.0,0.0,0.0,0.0,0.016129032258064516,0.0,0.016129032258064516,0.0,0.0,0.0,0.016129032258064516,0.0,0.08064516129032258,0.0,0.016129032258064516,0.016129032258064516,0.0,0.0,0.016129032258064516,0.06451612903225806,0.0,0.04838709677419355,0.0,0.04838709677419355,0.0,0.0,0.0,0.016129032258064516,0.03225806451612903,0.0,0.0,0.0,0.0,0.016129032258064516,0.016129032258064516,0.016129032258064516,0.0,0.016129032258064516,0.0,0.0,0.0,0.0,0.016129032258064516,0.016129032258064516,0.0,0.0,0.0,0.016129032258064516,0.0,0.016129032258064516,0.0,0.0,0.03225806451612903,0.0,0.03225806451612903,0.04838709677419355,0.08064516129032258,0.016129032258064516,0.0967741935483871,0.04838709677419355,0.08064516129032258,0.016129032258064516,0.0,0.04838709677419355,0.0,0.016129032258064516,0.0,0.0,0.0,0.0,0.0,0.016129032258064516,0.0,0.016129032258064516,0.0,0.0,0.0,0.0,0.0,0.0,0.03225806451612903,0.0,0.0,0.0,0.016129032258064516,0.0,0.0,0.0,0.0,0.016129032258064516,0.0,0.0,0.0,0.0,0.0,0.016129032258064516,0.0,0.0,0.016129032258064516,0.0,0.016129032258064516,0.0,0.0,0.016129032258064516,0.016129032258064516,0.0,0.0,0.03225806451612903,0.0,0.06451612903225806,0.016129032258064516,0.0,0.0,0.0,0.0,0.0,0.0,0.016129032258064516,0.016129032258064516,0.016129032258064516,0.0,0.0,0.0,0.016129032258064516,0.0,0.0,0.0,0.03225806451612903,0.0,0.0,0.0
LUAD,0.02040816326530612,0.061224489795918366,0.01020408163265306,0.40816326530612246,0.0,0.0,0.01020408163265306,0.01020408163265306,0.01020408163265306,0.01020408163265306,0.05102040816326531,0.0,0.030612244897959183,0.01020408163265306,0.0,0.0510204081632653,0.01020408163265306,0.01020408163265306,0.0,0.20408163265306123,0.0,0.0,0.01020408163265306,0.0,0.030612244897959183,0.0,0.01020408163265306,0.02040816326530612,0.0,0.0,0.0,0.030612244897959183,0.01020408163265306,0.01020408163265306,0.01020408163265306,0.0510204081632653,0.01020408163265306,0.01020408163265306,0.02040816326530612,0.030612244897959183,0.0,0.01020408163265306,0.01020408163265306,0.030612244897959183,0.0,0.0510204081632653,0.02040816326530612,0.05102040816326531,0.030612244897959183,0.01020408163265306,0.10204081632653061,0.11224489795918367,0.0,0.01020408163265306,0.0,0.02040816326530612,0.0,0.01020408163265306,0.0,0.01020408163265306,0.01020408163265306,0.0,0.0,0.02040816326530612,0.01020408163265306,0.01020408163265306,0.0,0.030612244897959183,0.05102040816326531,0.0,0.05102040816326531,0.0,0.01020408163265306,0.01020408163265306,0.0,0.0,0.01020408163265306,0.0,0.0,0.04081632653061224,0.01020408163265306,0.04081632653061224,0.0,0.07142857142857142,0.0,0.030612244897959183,0.0,0.01020408163265306,0.02040816326530612,0.030612244897959183,0.0,0.01020408163265306,0.0,0.0,0.030612244897959183,0.0,0.0,0.0,0.01020408163265306,0.02040816326530612,0.01020408163265306,0.0,0.01020408163265306,0.09183673469387754,0.02040816326530612,0.17346938775510204,0.061224489795918366,0.0,0.04081632653061224,0.0,0.02040816326530612,0.04081632653061224,0.07142857142857142,0.0,0.10204081632653061,0.0,0.01020408163265306,0.0,0.01020408163265306,0.0,0.10204081632653061,0.02040816326530612,0.0,0.04081632653061224,0.07142857142857142,0.0,0.01020408163265306,0.01020408163265306,0.0,0.0,0.030612244897959183,0.0,0.01020408163265306,0.01020408163265306,0.05102040816326531,0.01020408163265306,0.01020408163265306,0.0,0.02040816326530612,0.02040816326530612,0.01020408163265306,0.0510204081632653,0.01020408163265306,0.04081632653061224,0.02040816326530612,0.030612244897959183,0.061224489795918366,0.01020408163265306,0.02040816326530612,0.01020408163265306,0.01020408163265306,0.14285714285714285,0.0,0.01020408163265306,0.01020408163265306,0.030612244897959183,0.0,0.0,0.030612244897959183,0.02040816326530612,0.01020408163265306,0.04081632653061224,0.030612244897959183,0.02040816326530612,0.02040816326530612,0.02040816326530612,0.0,0.01020408163265306,0.0,0.01020408163265306,0.02040816326530612,0.0,0.0,0.0510204081632653,0.01020408163265306,0.0,0.030612244897959183,0.030612244897959183,0.0,0.01020408163265306,0.02040816326530612,0.0,0.0,0.0,0.0,0.0,0.030612244897959183,0.01020408163265306,0.02040816326530612,0.0,0.0,0.01020408163265306,0.05102040816326531,0.01020408163265306,0.0,0.0,0.01020408163265306,0.030612244897959183,0.01020408163265306,0.0,0.030612244897959183,0.0,0.02040816326530612,0.030612244897959183,0.0,0.0510204081632653,0.0,0.01020408163265306,0.01020408163265306,0.01020408163265306,0.0,0.0,0.0,0.01020408163265306,0.02040816326530612,0.01020408163265306,0.02040816326530612,0.0,0.04081632653061224,0.01020408163265306,0.01020408163265306,0.0,0.0,0.0
LUSC,0.0,0.047058823529411764,0.0,0.5529411764705882,0.011764705882352941,0.011764705882352941,0.011764705882352941,0.1411764705882353,0.023529411764705882,0.03529411764705882,0.15294117647058825,0.0,0.07058823529411765,0.0,0.011764705882352941,0.03529411764705882,0.011764705882352941,0.08235294117647059,0.023529411764705882,0.0,0.0,0.0,0.0,0.0,0.058823529411764705,0.023529411764705882,0.011764705882352941,0.011764705882352941,0.011764705882352941,0.0,0.023529411764705882,0.08235294117647059,0.0,0.0,0.03529411764705882,0.03529411764705882,0.023529411764705882,0.10588235294117647,0.07058823529411765,0.23529411764705882,0.0,0.023529411764705882,0.03529411764705882,0.011764705882352941,0.023529411764705882,0.011764705882352941,0.047058823529411764,0.11764705882352941,0.023529411764705882,0.0,0.07058823529411765,0.08235294117647059,0.0,0.011764705882352941,0.03529411764705882,0.03529411764705882,0.0,0.023529411764705882,0.011764705882352941,0.011764705882352941,0.011764705882352941,0.0,0.023529411764705882,0.058823529411764705,0.011764705882352941,0.011764705882352941,0.0,0.0,0.058823529411764705,0.0,0.0,0.0,0.011764705882352941,0.047058823529411764,0.0,0.011764705882352941,0.023529411764705882,0.0,0.0,0.047058823529411764,0.011764705882352941,0.058823529411764705,0.011764705882352941,0.03529411764705882,0.0,0.0,0.03529411764705882,0.011764705882352941,0.011764705882352941,0.0,0.0,0.0,0.0,0.0,0.0,0.0,0.0,0.0,0.011764705882352941,0.047058823529411764,0.011764705882352941,0.0,0.03529411764705882,0.023529411764705882,0.011764705882352941,0.18823529411764706,0.011764705882352941,0.058823529411764705,0.03529411764705882,0.03529411764705882,0.07058823529411765,0.047058823529411764,0.047058823529411764,0.011764705882352941,0.047058823529411764,0.023529411764705882,0.058823529411764705,0.011764705882352941,0.047058823529411764,0.0,0.03529411764705882,0.023529411764705882,0.0,0.011764705882352941,0.047058823529411764,0.0,0.0,0.023529411764705882,0.047058823529411764,0.0,0.011764705882352941,0.0,0.0,0.0,0.011764705882352941,0.0,0.03529411764705882,0.0,0.047058823529411764,0.011764705882352941,0.011764705882352941,0.03529411764705882,0.011764705882352941,0.08235294117647059,0.011764705882352941,0.023529411764705882,0.011764705882352941,0.0,0.03529411764705882,0.047058823529411764,0.023529411764705882,0.11764705882352941,0.011764705882352941,0.0,0.023529411764705882,0.0,0.011764705882352941,0.0,0.023529411764705882,0.023529411764705882,0.0,0.03529411764705882,0.0,0.03529411764705882,0.08235294117647059,0.023529411764705882,0.03529411764705882,0.047058823529411764,0.0,0.0,0.023529411764705882,0.0,0.011764705882352941,0.058823529411764705,0.011764705882352941,0.023529411764705882,0.07058823529411765,0.03529411764705882,0.011764705882352941,0.0,0.0,0.0,0.03529411764705882,0.011764705882352941,0.0,0.0,0.0,0.0,0.0,0.023529411764705882,0.023529411764705882,0.023529411764705882,0.023529411764705882,0.047058823529411764,0.0,0.0,0.011764705882352941,0.011764705882352941,0.03529411764705882,0.0,0.08235294117647059,0.023529411764705882,0.047058823529411764,0.07058823529411765,0.011764705882352941,0.047058823529411764,0.0,0.07058823529411765,0.011764705882352941,0.0,0.047058823529411764,0.011764705882352941,0.011764705882352941,0.0,0.0,0.0,0.0,0.0,0.023529411764705882,0.023529411764705882,0.011764705882352941,0.0,0.0,0.023529411764705882
MESO,0.0,0.0,0.0,0.15384615384615385,0.0,0.0,0.0,0.0,0.0,0.0,0.0,0.0,0.0,0.0,0.0,0.0,0.0,0.0,0.0,0.07692307692307693,0.0,0.0,0.0,0.0,0.0,0.0,0.0,0.0,0.0,0.0,0.0,0.0,0.0,0.0,0.0,0.0,0.0,0.0,0.0,0.0,0.0,0.0,0.0,0.0,0.0,0.0,0.0,0.0,0.0,0.0,0.0,0.0,0.0,0.0,0.0,0.0,0.0,0.0,0.0,0.0,0.0,0.0,0.0,0.0,0.0,0.0,0.0,0.0,0.0,0.0,0.0,0.0,0.0,0.0,0.0,0.0,0.0,0.15384615384615385,0.0,0.0,0.0,0.0,0.0,0.0,0.0,0.0,0.0,0.0,0.0,0.0,0.0,0.0,0.0,0.0,0.0,0.0,0.0,0.0,0.0,0.0,0.0,0.0,0.0,0.0,0.0,0.0,0.0,0.0,0.0,0.0,0.07692307692307693,0.0,0.0,0.0,0.0,0.0,0.0,0.0,0.0,0.0,0.07692307692307693,0.0,0.0,0.0,0.0,0.0,0.07692307692307693,0.0,0.15384615384615385,0.0,0.0,0.0,0.0,0.0,0.0,0.0,0.0,0.0,0.0,0.0,0.0,0.07692307692307693,0.0,0.0,0.0,0.0,0.0,0.0,0.0,0.0,0.0,0.0,0.0,0.0,0.0,0.0,0.0,0.0,0.0,0.0,0.0,0.0,0.0,0.0,0.0,0.0,0.0,0.0,0.0,0.0,0.0,0.0,0.0,0.0,0.0,0.0,0.0,0.0,0.0,0.0,0.0,0.0,0.0,0.0,0.0,0.0,0.0,0.0,0.0,0.0,0.0,0.0,0.0,0.0,0.0,0.0,0.0,0.0,0.0,0.0,0.07692307692307693,0.0,0.0,0.0,0.0,0.0,0.0,0.0,0.0,0.0,0.0,0.0,0.0,0.0,0.0,0.0,0.0,0.0,0.0,0.0,0.0,0.0,0.0,0.0
OV,0.0,0.0136986301369863,0.0,0.6712328767123288,0.0,0.0,0.0136986301369863,0.0,0.0136986301369863,0.0273972602739726,0.0136986301369863,0.0,0.0136986301369863,0.0,0.0,0.0,0.0136986301369863,0.0273972602739726,0.0136986301369863,0.0,0.0,0.0,0.0,0.0,0.0136986301369863,0.0136986301369863,0.0,0.0,0.0136986301369863,0.0,0.0,0.0,0.0136986301369863,0.0,0.0,0.0,0.0,0.0,0.0273972602739726,0.0273972602739726,0.0,0.0136986301369863,0.0136986301369863,0.0136986301369863,0.0273972602739726,0.0136986301369863,0.0136986301369863,0.0410958904109589,0.0136986301369863,0.0,0.0547945205479452,0.0136986301369863,0.0,0.0821917808219178,0.0,0.0136986301369863,0.0,0.0,0.0,0.0,0.0,0.0,0.0,0.0136986301369863,0.0136986301369863,0.0,0.0,0.0136986301369863,0.0,0.0,0.0,0.0,0.0,0.0136986301369863,0.0136986301369863,0.0136986301369863,0.0136986301369863,0.0,0.0,0.0136986301369863,0.0,0.0136986301369863,0.0,0.0,0.0,0.0,0.0,0.0,0.0,0.0,0.0,0.0,0.0,0.0,0.0,0.0,0.0,0.0136986301369863,0.0,0.0136986301369863,0.0,0.0,0.0,0.0136986301369863,0.0136986301369863,0.0136986301369863,0.0,0.0136986301369863,0.0410958904109589,0.0,0.0410958904109589,0.0136986301369863,0.0136986301369863,0.0,0.0136986301369863,0.0,0.0273972602739726,0.0,0.0,0.0,0.0410958904109589,0.0,0.0,0.0273972602739726,0.0,0.0,0.0,0.0136986301369863,0.0,0.0,0.0273972602739726,0.0,0.0,0.0,0.0,0.0,0.0,0.0,0.0136986301369863,0.0,0.0,0.0,0.0,0.0136986301369863,0.0,0.0,0.0,0.0,0.0273972602739726,0.0136986301369863,0.0,0.0273972602739726,0.0,0.0,0.0,0.0,0.0,0.0,0.0,0.0,0.0,0.0,0.0,0.0,0.0136986301369863,0.0,0.0410958904109589,0.0136986301369863,0.0,0.0,0.0273972602739726,0.0,0.0,0.0136986301369863,0.0,0.0,0.0,0.0136986301369863,0.0,0.0,0.0,0.0,0.0273972602739726,0.0,0.0136986301369863,0.0,0.0,0.0,0.0,0.0,0.0273972602739726,0.0,0.0,0.0273972602739726,0.0,0.0,0.0,0.0136986301369863,0.0,0.0136986301369863,0.0410958904109589,0.0136986301369863,0.0136986301369863,0.0,0.0,0.0136986301369863,0.0,0.0,0.0,0.0,0.0,0.0,0.0136986301369863,0.0,0.0,0.0136986301369863,0.0,0.0136986301369863,0.0,0.0,0.0136986301369863,0.0,0.0,0.0
PAAD,0.0,0.0,0.03333333333333333,0.43333333333333335,0.0,0.0,0.03333333333333333,0.0,0.0,0.0,0.0,0.0,0.06666666666666667,0.0,0.0,0.0,0.0,0.0,0.0,0.6,0.0,0.0,0.0,0.0,0.0,0.0,0.0,0.0,0.0,0.0,0.0,0.03333333333333333,0.03333333333333333,0.0,0.03333333333333333,0.0,0.03333333333333333,0.0,0.0,0.06666666666666667,0.0,0.0,0.0,0.0,0.0,0.0,0.0,0.0,0.0,0.0,0.0,0.0,0.0,0.0,0.0,0.0,0.0,0.0,0.0,0.03333333333333333,0.0,0.0,0.0,0.0,0.0,0.0,0.0,0.06666666666666667,0.0,0.0,0.0,0.0,0.0,0.0,0.0,0.0,0.03333333333333333,0.03333333333333333,0.0,0.0,0.0,0.03333333333333333,0.0,0.0,0.0,0.0,0.0,0.0,0.06666666666666667,0.0,0.0,0.0,0.0,0.0,0.0,0.0,0.0,0.0,0.0,0.0,0.0,0.0,0.0,0.0,0.0,0.03333333333333333,0.0,0.0,0.0,0.0,0.0,0.03333333333333333,0.0,0.0,0.0,0.0,0.0,0.0,0.03333333333333333,0.0,0.0,0.03333333333333333,0.0,0.0,0.0,0.0,0.0,0.0,0.0,0.0,0.0,0.0,0.03333333333333333,0.0,0.03333333333333333,0.0,0.0,0.0,0.03333333333333333,0.0,0.03333333333333333,0.0,0.0,0.0,0.0,0.0,0.0,0.0,0.0,0.0,0.0,0.0,0.0,0.0,0.0,0.0,0.0,0.0,0.0,0.0,0.0,0.03333333333333333,0.0,0.0,0.0,0.0,0.0,0.0,0.0,0.0,0.0,0.0,0.0,0.0,0.0,0.0,0.0,0.03333333333333333,0.0,0.0,0.0,0.0,0.0,0.0,0.0,0.0,0.0,0.0,0.0,0.0,0.0,0.0,0.0,0.0,0.0,0.0,0.0,0.0,0.0,0.03333333333333333,0.0,0.0,0.0,0.0,0.0,0.0,0.0,0.0,0.0,0.0,0.0,0.0,0.0,0.0,0.0,0.0,0.0,0.0,0.0,0.0,0.0,0.0,0.0,0.0
PCPG,0.0,0.0,0.0,0.0,0.0,0.0,0.0,0.0,0.0,0.0,0.0,0.0,0.0,0.0,0.0,0.0,0.0,0.0,0.0,0.0,0.0,0.0,0.0967741935483871,0.0,0.0,0.0,0.0,0.0,0.0,0.0,0.0,0.0,0.0,0.0,0.0,0.0,0.0,0.0,0.0,0.0,0.0,0.0,0.0,0.0,0.0,0.0,0.0,0.0,0.0,0.0,0.0,0.0,0.0,0.0,0.0,0.0,0.0,0.0,0.0,0.0,0.0,0.0,0.0,0.0,0.0,0.0,0.0,0.0,0.0,0.0,0.0,0.0,0.0,0.0,0.0,0.0,0.0,0.0,0.0,0.0,0.0,0.0,0.0,0.0,0.0,0.0,0.0,0.0,0.0,0.0,0.0,0.0,0.0,0.0,0.0,0.0,0.0,0.0,0.0,0.0,0.0,0.0,0.0,0.0,0.0,0.0,0.0,0.0,0.0,0.0,0.0,0.0,0.03225806451612903,0.0,0.0,0.0,0.0,0.0,0.0,0.0,0.0,0.03225806451612903,0.03225806451612903,0.03225806451612903,0.0,0.0,0.0,0.0,0.0,0.0,0.0,0.0,0.0,0.0,0.0,0.0,0.0,0.0,0.0,0.0,0.0,0.0,0.0,0.0,0.0,0.0,0.0,0.0,0.0,0.0,0.0,0.0,0.0,0.0,0.0,0.0,0.0,0.0,0.0,0.0,0.0,0.03225806451612903,0.0,0.0,0.0,0.0,0.0,0.0,0.0,0.0,0.0,0.0,0.06451612903225806,0.0,0.0,0.0,0.0,0.0,0.0,0.0,0.0,0.0,0.0,0.0,0.0,0.0,0.0,0.0,0.0,0.0,0.0,0.0,0.0,0.0,0.0,0.0,0.0,0.0,0.0,0.0,0.0,0.0,0.0,0.0,0.0,0.0,0.0,0.0,0.0,0.0,0.0,0.0,0.0,0.03225806451612903,0.0,0.0,0.0,0.0,0.0,0.0,0.0,0.0,0.0,0.0
PRAD,0.025,0.0,0.0125,0.07500000000000001,0.0125,0.0125,0.0125,0.0125,0.0,0.0125,0.0,0.025,0.0625,0.0,0.0,0.0,0.0125,0.0125,0.0125,0.0125,0.0125,0.0,0.0125,0.0125,0.0125,0.0,0.025,0.0125,0.037500000000000006,0.0125,0.0125,0.0,0.0,0.0125,0.0,0.0,0.0,0.0,0.0,0.0125,0.0,0.0,0.0125,0.0125,0.0,0.0125,0.0,0.05,0.0,0.0,0.0125,0.025,0.0,0.025,0.0,0.0,0.0,0.0125,0.0,0.0125,0.0,0.0125,0.0125,0.0125,0.0,0.0,0.0125,0.0125,0.0125,0.0125,0.0,0.0,0.0,0.0,0.0125,0.0125,0.0125,0.0,0.0,0.0125,0.0,0.0125,0.0,0.0,0.0,0.0,0.0125,0.0,0.0,0.025,0.0,0.0,0.0,0.0,0.0,0.0,0.0,0.0,0.0,0.025,0.0,0.0,0.0,0.0,0.0,0.037500000000000006,0.0,0.0,0.0,0.0125,0.025,0.0,0.037500000000000006,0.0,0.0125,0.0,0.025,0.025,0.0125,0.0,0.0125,0.0125,0.025,0.0,0.025,0.0,0.0,0.0125,0.025,0.0,0.0125,0.0,0.0,0.0,0.0,0.0125,0.0125,0.0,0.0,0.0125,0.0,0.0125,0.0125,0.0125,0.0,0.0125,0.025,0.0,0.0,0.0,0.0,0.0125,0.0125,0.0125,0.0,0.0125,0.0,0.0125,0.0,0.0,0.0125,0.0125,0.0,0.025,0.0125,0.0,0.025,0.0,0.0125,0.0,0.0125,0.0,0.0,0.025,0.025,0.08750000000000001,0.0,0.025,0.0,0.0,0.0,0.0,0.025,0.0125,0.0125,0.0,0.0,0.0,0.0,0.0,0.0,0.0,0.0,0.0125,0.0,0.0,0.0125,0.0,0.0125,0.0125,0.025,0.0,0.0,0.025,0.0,0.0,0.0,0.0,0.0,0.0,0.0,0.0,0.0125,0.0125,0.0,0.037500000000000006,0.0125,0.0,0.0125,0.025,0.0,0.0,0.0,0.0125
READ,0.0,0.038461538461538464,0.038461538461538464,0.6538461538461539,0.0,0.0,0.0,0.0,0.0,0.0,0.038461538461538464,0.0,0.15384615384615385,0.0,0.0,0.038461538461538464,0.0,0.15384615384615385,0.0,0.5769230769230769,0.0,0.0,0.0,0.0,0.038461538461538464,0.038461538461538464,0.038461538461538464,0.0,0.0,0.0,0.0,0.0,0.0,0.0,0.0,0.038461538461538464,0.0,0.038461538461538464,0.038461538461538464,0.038461538461538464,0.0,0.0,0.0,0.0,0.0,0.0,0.23076923076923078,0.038461538461538464,0.0,0.0,0.038461538461538464,0.07692307692307693,0.0,0.0,0.0,0.038461538461538464,0.0,0.038461538461538464,0.0,0.038461538461538464,0.0,0.0,0.0,0.0,0.0,0.0,0.0,0.11538461538461539,0.0,0.038461538461538464,0.0,0.0,0.0,0.038461538461538464,0.0,0.0,0.0,0.0,0.038461538461538464,0.6923076923076923,0.0,0.07692307692307693,0.038461538461538464,0.0,0.0,0.11538461538461539,0.0,0.0,0.0,0.11538461538461539,0.0,0.038461538461538464,0.0,0.0,0.0,0.0,0.0,0.0,0.0,0.0,0.0,0.0,0.0,0.038461538461538464,0.0,0.07692307692307693,0.0,0.0,0.0,0.038461538461538464,0.0,0.07692307692307693,0.038461538461538464,0.0,0.0,0.0,0.0,0.0,0.0,0.0,0.038461538461538464,0.0,0.0,0.0,0.0,0.038461538461538464,0.038461538461538464,0.0,0.038461538461538464,0.038461538461538464,0.0,0.0,0.0,0.0,0.0,0.038461538461538464,0.038461538461538464,0.0,0.0,0.0,0.0,0.0,0.0,0.0,0.0,0.0,0.0,0.0,0.0,0.0,0.0,0.038461538461538464,0.0,0.0,0.0,0.0,0.0,0.0,0.0,0.0,0.0,0.038461538461538464,0.0,0.0,0.0,0.0,0.0,0.0,0.0,0.0,0.0,0.0,0.0,0.038461538461538464,0.0,0.0,0.0,0.0,0.0,0.0,0.0,0.0,0.0,0.0,0.0,0.0,0.0,0.0,0.0,0.0,0.0,0.0,0.0,0.0,0.0,0.0,0.038461538461538464,0.0,0.0,0.0,0.0,0.0,0.0,0.038461538461538464,0.0,0.0,0.0,0.0,0.0,0.0,0.0,0.0,0.0,0.0,0.0,0.0,0.0,0.038461538461538464,0.038461538461538464,0.0,0.0,0.0,0.0,0.0
SARC,0.0,0.024390243902439025,0.0,0.3170731707317073,0.0,0.0,0.0,0.0,0.0,0.024390243902439025,0.024390243902439025,0.0,0.024390243902439025,0.0,0.0,0.024390243902439025,0.0,0.024390243902439025,0.0,0.0,0.0,0.0,0.0,0.0,0.024390243902439025,0.0,0.0,0.0,0.0,0.0,0.0,0.0,0.0,0.0,0.0,0.024390243902439025,0.0,0.024390243902439025,0.07317073170731708,0.04878048780487805,0.024390243902439025,0.0,0.0,0.0,0.0,0.024390243902439025,0.0,0.024390243902439025,0.0,0.0,0.04878048780487805,0.0,0.0,0.024390243902439025,0.024390243902439025,0.0,0.0,0.0,0.0,0.0,0.0,0.0,0.0,0.024390243902439025,0.0,0.0,0.0,0.0,0.024390243902439025,0.0,0.0,0.0,0.0,0.0,0.0,0.0,0.024390243902439025,0.0,0.0,0.07317073170731708,0.0,0.0,0.0,0.024390243902439025,0.0,0.024390243902439025,0.0,0.0,0.0,0.04878048780487805,0.0,0.0,0.0,0.0,0.0,0.0,0.0,0.0,0.0,0.0,0.0,0.0,0.024390243902439025,0.024390243902439025,0.0,0.0,0.024390243902439025,0.024390243902439025,0.0,0.0,0.04878048780487805,0.04878048780487805,0.04878048780487805,0.0,0.0,0.024390243902439025,0.0,0.024390243902439025,0.0,0.0,0.024390243902439025,0.0,0.0,0.0,0.04878048780487805,0.0,0.0,0.0,0.0,0.0,0.04878048780487805,0.0,0.024390243902439025,0.0,0.0,0.0,0.024390243902439025,0.0,0.0,0.0,0.024390243902439025,0.0,0.0,0.0,0.0,0.0,0.0,0.024390243902439025,0.0,0.0,0.0,0.04878048780487805,0.024390243902439025,0.024390243902439025,0.0,0.024390243902439025,0.0,0.0,0.0,0.0,0.0,0.0,0.024390243902439025,0.0,0.024390243902439025,0.04878048780487805,0.024390243902439025,0.024390243902439025,0.0,0.0,0.024390243902439025,0.0,0.0,0.0,0.024390243902439025,0.0,0.0,0.0,0.0,0.0,0.0,0.0,0.024390243902439025,0.0,0.024390243902439025,0.0,0.0,0.0,0.024390243902439025,0.0,0.0,0.0,0.0,0.0,0.0,0.0,0.0,0.04878048780487805,0.024390243902439025,0.0,0.04878048780487805,0.0,0.024390243902439025,0.0,0.0,0.024390243902439025,0.0,0.0,0.0,0.0,0.0,0.024390243902439025,0.0,0.0,0.0,0.0,0.0,0.0,0.0,0.0,0.024390243902439025,0.0,0.0,0.024390243902439025
SKCM,0.025,0.08750000000000001,0.0625,0.11250000000000002,0.0,0.0,0.0,0.0125,0.025,0.05,0.1125,0.0,0.0125,0.025,0.0,0.0875,0.025,0.037500000000000006,0.07500000000000001,0.025,0.0125,0.0125,0.0,0.0,0.05,0.1875,0.025,0.0125,0.0,0.0125,0.025,0.08750000000000001,0.0,0.0,0.0125,0.0125,0.037500000000000006,0.0625,0.05,0.1375,0.0,0.0125,0.025,0.025,0.0,0.0125,0.05,0.1,0.0125,0.0,0.11250000000000002,0.175,0.0,0.05,0.0,0.0125,0.0125,0.0,0.0125,0.025,0.0125,0.0,0.0125,0.025,0.037500000000000006,0.0125,0.037500000000000006,0.0,0.025,0.0125,0.0,0.0125,0.0,0.0125,0.05,0.0625,0.037500000000000006,0.025,0.0125,0.07500000000000001,0.037500000000000006,0.037500000000000006,0.0,0.5874999999999999,0.0,0.025,0.0,0.037500000000000006,0.025,0.07500000000000001,0.0,0.0,0.0,0.0,0.0125,0.0,0.0,0.0,0.0,0.037500000000000006,0.025,0.037500000000000006,0.025,0.05,0.05,0.2,0.1,0.0625,0.075,0.0,0.025,0.05,0.0625,0.0,0.0,0.0625,0.08750000000000001,0.0,0.0125,0.0,0.0625,0.05,0.0125,0.0,0.05,0.0,0.0,0.08750000000000001,0.0125,0.0125,0.0125,0.0,0.0,0.025,0.037500000000000006,0.037500000000000006,0.0125,0.0125,0.07500000000000001,0.05,0.05,0.0125,0.0125,0.05,0.0,0.08750000000000001,0.05,0.037500000000000006,0.0125,0.0625,0.0125,0.3125,0.037500000000000006,0.025,0.0,0.025,0.05,0.0125,0.025,0.0,0.025,0.05,0.0,0.025,0.0125,0.05,0.05,0.037500000000000006,0.0125,0.0125,0.05,0.0125,0.0125,0.025,0.0,0.0,0.07500000000000001,0.21250000000000002,0.05,0.037500000000000006,0.037500000000000006,0.025,0.2375,0.0625,0.0125,0.0,0.0125,0.0125,0.05,0.0125,0.0625,0.0,0.025,0.0125,0.0,0.0125,0.025,0.07500000000000001,0.0125,0.037500000000000006,0.0875,0.025,0.07500000000000001,0.05,0.0125,0.037500000000000006,0.0,0.0,0.025,0.05,0.0625,0.0125,0.037500000000000006,0.0,0.037500000000000006,0.0125,0.0125,0.025,0.05,0.0,0.1875,0.025,0.0,0.0125
TGCT,0.0,0.0,0.0,0.0,0.0,0.0,0.0,0.0,0.0,0.0,0.0,0.04,0.0,0.0,0.0,0.0,0.0,0.0,0.0,0.04,0.0,0.0,0.0,0.0,0.0,0.04,0.0,0.0,0.0,0.0,0.0,0.0,0.0,0.0,0.0,0.0,0.0,0.0,0.0,0.0,0.0,0.0,0.0,0.0,0.0,0.0,0.0,0.0,0.0,0.0,0.0,0.0,0.0,0.0,0.0,0.0,0.0,0.0,0.0,0.0,0.0,0.0,0.0,0.0,0.0,0.0,0.0,0.0,0.0,0.0,0.0,0.0,0.0,0.0,0.0,0.0,0.0,0.0,0.0,0.0,0.0,0.0,0.0,0.0,0.0,0.0,0.0,0.0,0.0,0.0,0.0,0.0,0.0,0.0,0.0,0.0,0.0,0.0,0.0,0.0,0.0,0.0,0.0,0.0,0.0,0.0,0.0,0.0,0.0,0.0,0.04,0.0,0.0,0.0,0.0,0.0,0.0,0.0,0.0,0.0,0.0,0.0,0.0,0.0,0.0,0.0,0.0,0.0,0.0,0.0,0.12,0.0,0.0,0.0,0.0,0.0,0.0,0.0,0.0,0.0,0.0,0.0,0.0,0.0,0.0,0.0,0.0,0.0,0.0,0.0,0.0,0.0,0.0,0.0,0.0,0.0,0.0,0.0,0.0,0.0,0.0,0.0,0.0,0.0,0.0,0.0,0.0,0.0,0.0,0.0,0.0,0.0,0.0,0.0,0.0,0.0,0.0,0.0,0.0,0.0,0.0,0.0,0.0,0.0,0.0,0.0,0.0,0.0,0.0,0.0,0.0,0.0,0.0,0.0,0.0,0.0,0.0,0.0,0.0,0.04,0.0,0.0,0.0,0.0,0.0,0.0,0.0,0.0,0.0,0.0,0.0,0.0,0.0,0.0,0.0,0.0,0.0,0.0,0.0,0.0,0.0,0.0,0.0,0.0
THCA,0.012195121951219513,0.0,0.0,0.0,0.0,0.0,0.012195121951219513,0.0,0.0,0.0,0.0,0.0,0.012195121951219513,0.0,0.0,0.0,0.0,0.012195121951219513,0.0,0.0,0.0,0.0,0.012195121951219513,0.0,0.0,0.07317073170731707,0.0,0.0,0.0,0.0,0.0,0.012195121951219513,0.0,0.0,0.0,0.0,0.0,0.0,0.012195121951219513,0.012195121951219513,0.0,0.0,0.0,0.0,0.0,0.0,0.0,0.0,0.0,0.0,0.0,0.0,0.0,0.0,0.0,0.0,0.0,0.012195121951219513,0.012195121951219513,0.0,0.0,0.0,0.0,0.0,0.0,0.0,0.0,0.0,0.0,0.0,0.0,0.0,0.0,0.0,0.0,0.0,0.0,0.0,0.0,0.0,0.012195121951219513,0.0,0.0,0.524390243902439,0.0,0.0,0.0,0.0,0.024390243902439025,0.0,0.0,0.0,0.0,0.0,0.0,0.0,0.0,0.0,0.0,0.0,0.0,0.0,0.0,0.0,0.0,0.0,0.012195121951219513,0.0,0.0,0.0,0.0,0.0,0.0,0.0,0.0,0.0,0.0,0.0,0.0,0.0,0.0,0.0,0.0,0.0,0.0,0.0,0.0,0.0,0.0,0.0,0.0,0.0,0.0,0.0,0.0,0.0,0.0,0.0,0.0,0.0,0.0,0.0,0.0,0.0,0.0,0.0,0.0,0.0,0.0,0.0,0.0,0.0,0.0,0.0,0.0,0.0,0.0,0.0,0.0,0.0,0.0,0.0,0.0,0.0,0.0,0.0,0.0,0.0,0.0,0.0,0.0,0.0,0.0,0.0,0.0,0.0,0.012195121951219513,0.0,0.0,0.0,0.0,0.0,0.0,0.0,0.0,0.0,0.0,0.012195121951219513,0.0,0.0,0.0,0.0,0.0,0.0,0.0,0.0,0.0,0.012195121951219513,0.0,0.0,0.0,0.0,0.0,0.0,0.0,0.0,0.0,0.012195121951219513,0.0,0.0,0.0,0.0,0.0,0.0,0.0,0.0,0.0,0.0,0.0,0.0,0.0,0.0,0.0,0.0
THYM,0.0,0.0,0.0,0.0,0.0,0.0,0.0,0.0,0.0,0.0,0.0,0.0,0.0,0.0,0.0,0.0,0.0,0.0,0.0,0.0,0.0,0.0,0.05,0.0,0.0,0.0,0.0,0.0,0.0,0.0,0.0,0.0,0.0,0.0,0.0,0.0,0.0,0.0,0.0,0.0,0.0,0.0,0.0,0.0,0.0,0.0,0.0,0.0,0.0,0.0,0.0,0.05,0.0,0.0,0.0,0.0,0.0,0.0,0.0,0.0,0.0,0.0,0.0,0.0,0.0,0.0,0.0,0.0,0.0,0.0,0.0,0.0,0.0,0.0,0.0,0.0,0.0,0.0,0.0,0.0,0.0,0.0,0.0,0.0,0.0,0.0,0.0,0.0,0.0,0.0,0.0,0.0,0.0,0.0,0.0,0.0,0.0,0.0,0.0,0.05,0.0,0.0,0.0,0.0,0.0,0.0,0.0,0.0,0.0,0.05,0.0,0.0,0.0,0.0,0.0,0.0,0.0,0.0,0.0,0.0,0.0,0.0,0.0,0.0,0.0,0.0,0.0,0.0,0.0,0.0,0.0,0.0,0.0,0.0,0.0,0.0,0.0,0.0,0.0,0.0,0.0,0.0,0.0,0.0,0.0,0.0,0.0,0.0,0.0,0.0,0.0,0.0,0.0,0.0,0.0,0.0,0.0,0.0,0.0,0.0,0.0,0.05,0.0,0.0,0.0,0.0,0.0,0.0,0.0,0.0,0.0,0.0,0.0,0.0,0.0,0.0,0.0,0.0,0.0,0.0,0.0,0.0,0.05,0.0,0.0,0.0,0.0,0.0,0.0,0.4,0.05,0.0,0.05,0.0,0.0,0.0,0.0,0.0,0.0,0.0,0.0,0.0,0.0,0.0,0.0,0.0,0.0,0.0,0.0,0.0,0.0,0.0,0.0,0.0,0.0,0.0,0.0,0.0,0.0,0.0,0.0,0.0,0.0,0.0
UCEC,0.056179775280898875,0.15730337078651685,0.3033707865168539,0.3146067415730337,0.033707865168539325,0.0449438202247191,0.07865168539325842,0.056179775280898875,0.11235955056179775,0.1348314606741573,0.19101123595505617,0.0449438202247191,0.19101123595505617,0.011235955056179775,0.0,0.2696629213483146,0.10112359550561797,0.4269662921348314,0.10112359550561797,0.12359550561797752,0.033707865168539325,0.02247191011235955,0.0,0.0,0.11235955056179775,0.06741573033707865,0.056179775280898875,0.0898876404494382,0.056179775280898875,0.07865168539325842,0.056179775280898875,0.011235955056179775,0.033707865168539325,0.02247191011235955,0.0,0.056179775280898875,0.1348314606741573,0.5056179775280898,0.12359550561797752,0.24719101123595505,0.011235955056179775,0.033707865168539325,0.06741573033707865,0.14606741573033707,0.0449438202247191,0.056179775280898875,0.14606741573033707,0.14606741573033707,0.033707865168539325,0.02247191011235955,0.1348314606741573,0.15730337078651685,0.02247191011235955,0.20224719101123595,0.16853932584269662,0.0449438202247191,0.1348314606741573,0.06741573033707865,0.056179775280898875,0.06741573033707865,0.056179775280898875,0.011235955056179775,0.11235955056179775,0.14606741573033707,0.10112359550561797,0.02247191011235955,0.02247191011235955,0.033707865168539325,0.10112359550561797,0.0898876404494382,0.02247191011235955,0.06741573033707865,0.0,0.07865168539325842,0.02247191011235955,0.056179775280898875,0.06741573033707865,0.056179775280898875,0.033707865168539325,0.1797752808988764,0.033707865168539325,0.06741573033707865,0.011235955056179775,0.0449438202247191,0.0449438202247191,0.06741573033707865,0.0,0.056179775280898875,0.06741573033707865,0.06741573033707865,0.011235955056179775,0.02247191011235955,0.0,0.0,0.0,0.02247191011235955,0.011235955056179775,0.0,0.02247191011235955,0.1348314606741573,0.06741573033707865,0.06741573033707865,0.056179775280898875,0.06741573033707865,0.06741573033707865,0.21348314606741572,0.10112359550561797,0.07865168539325842,0.033707865168539325,0.06741573033707865,0.0898876404494382,0.16853932584269662,0.16853932584269662,0.0449438202247191,0.06741573033707865,0.02247191011235955,0.0898876404494382,0.10112359550561797,0.14606741573033707,0.011235955056179775,0.14606741573033707,0.11235955056179775,0.011235955056179775,0.056179775280898875,0.07865168539325842,0.011235955056179775,0.033707865168539325,0.12359550561797752,0.033707865168539325,0.06741573033707865,0.056179775280898875,0.0,0.0449438202247191,0.011235955056179775,0.056179775280898875,0.07865168539325842,0.0898876404494382,0.033707865168539325,0.056179775280898875,0.033707865168539325,0.056179775280898875,0.056179775280898875,0.02247191011235955,0.1348314606741573,0.056179775280898875,0.06741573033707865,0.0449438202247191,0.07865168539325842,0.07865168539325842,0.0898876404494382,0.02247191011235955,0.15730337078651685,0.0898876404494382,0.0449438202247191,0.06741573033707865,0.056179775280898875,0.02247191011235955,0.033707865168539325,0.11235955056179775,0.12359550561797752,0.02247191011235955,0.1797752808988764,0.011235955056179775,0.11235955056179775,0.19101123595505617,0.07865168539325842,0.0898876404494382,0.033707865168539325,0.06741573033707865,0.06741573033707865,0.056179775280898875,0.0898876404494382,0.06741573033707865,0.20224719101123595,0.12359550561797752,0.06741573033707865,0.0449438202247191,0.11235955056179775,0.0449438202247191,0.033707865168539325,0.011235955056179775,0.0449438202247191,0.06741573033707865,0.10112359550561797,0.011235955056179775,0.0,0.033707865168539325,0.011235955056179775,0.07865168539325842,0.011235955056179775,0.11235955056179775,0.11235955056179775,0.20224719101123595,0.0898876404494382,0.033707865168539325,0.033707865168539325,0.11235955056179775,0.10112359550561797,0.07865168539325842,0.0449438202247191,0.15730337078651685,0.033707865168539325,0.1348314606741573,0.19101123595505617,0.056179775280898875,0.21348314606741572,0.011235955056179775,0.1797752808988764,0.07865168539325842,0.10112359550561797,0.1348314606741573,0.0898876404494382,0.10112359550561797,0.011235955056179775,0.033707865168539325,0.056179775280898875,0.11235955056179775,0.0449438202247191,0.14606741573033707,0.02247191011235955,0.06741573033707865,0.033707865168539325,0.011235955056179775,0.033707865168539325
UCS,0.0,0.0,0.0,0.9166666666666667,0.08333333333333333,0.0,0.0,0.0,0.0,0.0,0.0,0.0,0.0,0.0,0.0,0.16666666666666666,0.08333333333333333,0.3333333333333333,0.0,0.08333333333333333,0.0,0.08333333333333333,0.0,0.0,0.0,0.0,0.0,0.0,0.0,0.0,0.0,0.0,0.0,0.0,0.0,0.0,0.0,0.16666666666666666,0.08333333333333333,0.08333333333333333,0.0,0.0,0.0,0.08333333333333333,0.0,0.0,0.41666666666666663,0.0,0.0,0.0,0.0,0.0,0.0,0.25,0.0,0.0,0.0,0.0,0.0,0.0,0.0,0.0,0.0,0.0,0.0,0.0,0.0,0.0,0.08333333333333333,0.0,0.0,0.0,0.0,0.0,0.0,0.0,0.08333333333333333,0.0,0.0,0.0,0.0,0.0,0.0,0.0,0.0,0.0,0.0,0.0,0.0,0.0,0.0,0.0,0.0,0.0,0.0,0.0,0.0,0.0,0.0,0.0,0.0,0.0,0.0,0.0,0.08333333333333333,0.0,0.0,0.0,0.08333333333333333,0.0,0.08333333333333333,0.08333333333333333,0.0,0.0,0.0,0.08333333333333333,0.0,0.0,0.08333333333333333,0.0,0.0,0.0,0.0,0.0,0.08333333333333333,0.0,0.0,0.0,0.0,0.0,0.0,0.0,0.0,0.0,0.0,0.0,0.0,0.0,0.0,0.0,0.08333333333333333,0.0,0.0,0.0,0.0,0.0,0.0,0.0,0.0,0.0,0.0,0.08333333333333333,0.0,0.0,0.0,0.0,0.0,0.08333333333333333,0.0,0.0,0.0,0.0,0.0,0.0,0.08333333333333333,0.0,0.0,0.0,0.0,0.0,0.0,0.0,0.0,0.0,0.0,0.0,0.0,0.0,0.0,0.0,0.0,0.0,0.0,0.0,0.0,0.0,0.0,0.0,0.0,0.0,0.0,0.0,0.0,0.0,0.0,0.0,0.0,0.08333333333333333,0.0,0.0,0.0,0.08333333333333333,0.0,0.08333333333333333,0.0,0.08333333333333333,0.0,0.49999999999999994,0.0,0.0,0.0,0.0,0.0,0.08333333333333333,0.0,0.0,0.0,0.0,0.0,0.08333333333333333,0.0,0.0,0.0,0.0
UVM,0.0,0.0,0.0,0.0,0.0,0.0,0.0,0.0,0.0,0.0,0.0,0.0,0.0,0.0,0.0,0.0,0.0,0.0,0.0,0.0,0.0,0.0,0.0,0.0,0.0,0.0,0.0,0.0,0.0,0.0,0.0,0.0,0.0,0.0,0.0,0.0,0.2,0.0,0.0,0.0,0.0,0.0,0.0,0.0,0.0,0.0,0.0,0.0,0.0,0.0,0.0,0.06666666666666667,0.0,0.0,0.0,0.0,0.0,0.0,0.0,0.0,0.0,0.0,0.0,0.0,0.0,0.0,0.0,0.0,0.0,0.0,0.0,0.0,0.0,0.0,0.0,0.0,0.0,0.06666666666666667,0.0,0.06666666666666667,0.0,0.0,0.0,0.0,0.0,0.0,0.0,0.0,0.0,0.0,0.0,0.0,0.0,0.0,0.0,0.0,0.0,0.0,0.0,0.0,0.0,0.0,0.0,0.0,0.0,0.06666666666666667,0.0,0.0,0.0,0.0,0.0,0.0,0.0,0.0,0.0,0.0,0.0,0.0,0.0,0.0,0.0,0.0,0.0,0.0,0.0,0.0,0.0,0.0,0.0,0.0,0.0,0.0,0.0,0.0,0.0,0.0,0.0,0.0,0.0,0.0,0.0,0.0,0.0,0.0,0.0,0.0,0.0,0.0,0.0,0.0,0.0,0.0,0.0,0.0,0.0,0.0,0.0,0.0,0.0,0.0,0.0,0.0,0.0,0.0,0.0,0.0,0.0,0.0,0.0,0.0,0.0,0.0,0.0,0.0,0.0,0.0,0.0,0.0,0.0,0.0,0.0,0.0,0.0,0.0,0.5333333333333333,0.0,0.0,0.2,0.0,0.0,0.0,0.0,0.0,0.0,0.0,0.0,0.0,0.0,0.0,0.0,0.0,0.0,0.0,0.0,0.0,0.0,0.0,0.0,0.0,0.0,0.0,0.0,0.0,0.0,0.0,0.0,0.0,0.0,0.0,0.0,0.06666666666666667,0.39999999999999997,0.0,0.0
